OA,White,Mixed/multiple ethnic groups,Asian/Asian British,Black/African/Caribbean/Black British,Other ethnic group
E00072563,150,5,7,4,3
E00072564,220,4,7,2,1
E00072565,201,2,11,1,5
E00072566,239,5,11,0,2
E00072567,198,2,26,7,3
E00072568,205,2,18,2,3
E00072569,159,17,14,1,4
E00072570,182,2,9,1,3
E00072571,161,1,25,2,0
E00072572,151,7,37,1,3
E00072573,283,4,36,7,11
E00072574,225,7,65,1,6
E00072575,238,10,41,4,9
E00072576,107,2,10,0,3
E00072577,236,6,13,2,2
E00072578,226,4,7,1,2
E00072579,214,6,5,3,4
E00072580,215,9,12,4,1
E00072581,251,4,11,2,1
E00072582,167,3,3,1,0
E00072583,188,1,9,4,6
E00072584,185,2,14,3,1
E00072585,196,3,11,6,6
E00072586,191,7,18,1,2
E00072587,188,4,8,2,4
E00072588,257,10,0,1,0
E00072589,263,8,7,0,2
E00072590,232,1,2,1,1
E00072591,256,7,16,2,2
E00072592,221,3,1,0,0
E00072593,297,6,5,1,1
E00072594,294,7,6,0,2
E00072595,265,7,0,5,2
E00072596,305,8,5,0,1
E00072597,289,7,9,0,1
E00072598,300,4,2,0,1
E00072599,304,8,0,1,4
E00072600,315,7,4,1,0
E00072601,228,2,4,3,0
E00072602,324,5,2,3,0
E00072603,319,5,6,2,0
E00072604,318,1,2,4,0
E00072605,280,4,1,0,0
E00072606,240,4,5,0,1
E00072607,326,2,5,0,3
E00072608,223,5,2,1,0
E00072609,316,4,0,0,0
E00072610,102,0,0,0,0
E00072611,114,0,1,0,0
E00072612,236,8,3,1,0
E00072613,249,2,10,0,4
E00072614,306,5,2,0,1
E00072615,236,1,0,0,0
E00072616,321,1,0,1,0
E00072617,181,5,5,0,1
E00072618,490,13,41,9,1
E00072619,435,6,0,1,1
E00072620,156,1,1,2,0
E00072621,293,4,3,0,0
E00072622,306,4,0,1,0
E00072623,218,0,0,0,0
E00072624,308,0,0,0,0
E00072625,340,2,3,2,0
E00072626,145,1,0,1,0
E00072627,230,5,0,1,1
E00072628,261,3,0,0,1
E00072629,314,3,1,0,0
E00072630,544,16,16,5,0
E00072631,229,1,0,1,1
E00072632,246,3,6,1,0
E00072633,273,7,16,0,1
E00072634,223,5,16,1,2
E00072635,282,2,8,6,6
E00072636,255,12,89,5,12
E00072637,233,1,6,3,4
E00072638,281,8,14,0,6
E00072640,330,2,2,1,0
E00072641,281,1,1,0,0
E00072642,370,0,1,0,0
E00072643,252,2,1,0,0
E00072644,238,2,0,0,0
E00072645,434,4,2,2,0
E00072646,329,3,2,0,0
E00072647,214,1,0,0,0
E00072648,245,0,0,0,1
E00072649,272,1,1,0,3
E00072650,225,4,0,2,0
E00072651,176,0,0,0,1
E00072652,480,8,4,1,0
E00072653,356,10,2,1,0
E00072654,163,2,1,2,0
E00072655,330,1,0,0,0
E00072656,327,4,0,0,0
E00072657,142,3,3,0,0
E00072658,152,1,0,0,0
E00072659,298,1,5,0,0
E00072660,291,0,0,0,1
E00072661,265,2,1,1,0
E00072662,299,6,0,0,0
E00072663,277,0,2,0,0
E00072664,408,10,1,0,0
E00072665,361,4,1,2,0
E00072666,260,4,6,3,2
E00072667,221,5,1,2,1
E00072668,226,5,7,0,0
E00072669,229,6,8,3,0
E00072670,283,7,21,0,2
E00072671,276,13,3,1,6
E00072672,255,1,1,1,0
E00072673,268,10,4,0,3
E00072674,275,10,11,2,1
E00072675,245,15,2,6,2
E00072676,288,1,4,2,2
E00072677,223,6,5,3,0
E00072678,343,13,7,2,3
E00072679,339,4,8,1,2
E00072680,266,4,5,2,0
E00072681,271,11,6,4,3
E00072682,306,6,4,4,0
E00072683,258,11,10,6,1
E00072684,254,8,6,4,0
E00072685,276,5,2,2,1
E00072686,286,3,2,2,0
E00072687,171,3,0,0,0
E00072688,302,4,12,1,1
E00072689,186,1,1,0,0
E00072690,275,1,4,0,1
E00072691,246,2,2,1,0
E00072692,298,3,14,0,0
E00072693,387,6,0,1,3
E00072694,299,2,2,0,1
E00072695,201,1,1,0,0
E00072696,391,2,0,1,0
E00072697,280,4,5,0,0
E00072698,370,4,2,1,0
E00072699,453,6,3,3,0
E00072700,340,8,4,0,0
E00072701,313,0,6,0,0
E00072702,293,4,4,1,0
E00072703,305,3,1,0,1
E00072704,246,0,0,0,0
E00072705,393,6,3,1,0
E00072706,238,1,7,0,0
E00072707,287,0,1,0,0
E00072708,225,6,2,1,2
E00072709,357,1,2,0,1
E00072710,297,3,2,0,0
E00072711,313,2,6,0,0
E00072712,311,1,13,0,1
E00072713,302,3,2,0,0
E00072714,291,1,0,0,0
E00072715,346,8,2,0,0
E00072716,226,0,4,0,0
E00072717,322,4,4,0,2
E00072718,210,8,3,4,0
E00072719,252,0,9,4,0
E00072720,332,4,20,1,1
E00072721,223,3,10,8,0
E00072722,334,6,3,8,1
E00072723,279,5,0,0,0
E00072724,356,3,0,2,0
E00072725,310,0,0,0,1
E00072726,315,3,1,0,0
E00072727,333,1,1,0,0
E00072728,331,4,3,3,0
E00072729,360,7,0,1,6
E00072730,286,1,1,0,0
E00072731,292,0,6,1,0
E00072732,341,13,1,2,0
E00072733,324,8,2,1,0
E00072734,367,1,1,1,1
E00072735,350,2,6,2,0
E00072736,269,6,1,6,0
E00072737,340,3,2,0,0
E00072738,285,1,1,1,3
E00072739,252,5,0,0,1
E00072740,268,2,1,3,1
E00072741,205,2,1,0,0
E00072742,340,2,1,3,1
E00072743,203,3,1,2,0
E00072744,337,3,1,2,0
E00072745,216,0,2,0,1
E00072746,250,3,3,1,0
E00072747,198,2,1,0,0
E00072748,292,8,0,2,0
E00072749,274,5,1,1,1
E00072750,263,5,5,1,0
E00072751,285,8,5,1,0
E00072752,335,5,6,7,0
E00072753,294,7,0,1,0
E00072754,256,2,0,1,0
E00072755,168,4,10,2,0
E00072756,202,3,21,6,10
E00072757,174,12,3,3,10
E00072758,180,10,18,2,2
E00072759,253,19,100,13,10
E00072760,248,3,3,0,0
E00072761,207,6,12,3,0
E00072762,254,15,4,8,0
E00072763,238,9,4,3,2
E00072764,191,2,4,3,5
E00072765,289,9,5,4,1
E00072766,310,7,8,1,4
E00072767,322,11,4,4,3
E00072768,267,5,11,6,1
E00072769,275,8,11,10,0
E00072770,240,8,12,4,1
E00072771,245,11,13,2,0
E00072772,283,8,12,8,1
E00072773,182,10,19,10,6
E00072774,161,5,15,7,2
E00072775,181,4,29,1,1
E00072776,287,4,12,4,0
E00072777,290,8,4,8,1
E00072778,274,5,7,3,0
E00072779,289,5,3,1,2
E00072780,342,2,0,0,1
E00072781,215,4,1,0,0
E00072782,250,6,2,1,0
E00072783,329,20,16,6,1
E00072784,243,12,6,14,0
E00072785,232,11,0,5,0
E00072786,322,12,3,3,0
E00072787,215,0,5,3,3
E00072788,293,5,1,4,2
E00072789,266,4,10,0,0
E00072790,277,2,2,4,0
E00072791,281,7,15,0,1
E00072792,240,3,0,5,0
E00072793,223,2,7,0,1
E00072794,310,4,6,2,0
E00072795,234,5,0,1,1
E00072796,280,2,13,1,3
E00072797,310,9,33,10,3
E00072798,354,12,54,2,7
E00072799,312,5,6,3,3
E00072800,223,3,1,0,2
E00072801,248,7,2,0,0
E00072802,262,1,5,0,1
E00072803,242,0,4,0,2
E00072804,148,2,6,0,0
E00072805,201,5,3,2,2
E00072806,201,3,5,1,0
E00072807,190,6,5,2,0
E00072808,177,4,3,0,0
E00072809,279,11,5,2,5
E00072810,220,8,3,13,2
E00072811,163,7,5,13,1
E00072812,202,9,6,2,1
E00072813,314,5,5,0,1
E00072814,320,11,6,2,1
E00072815,258,5,2,1,0
E00072816,314,1,3,0,0
E00072817,254,2,13,1,2
E00072818,327,4,11,1,4
E00072819,278,4,6,0,3
E00072820,305,0,0,0,0
E00072821,273,6,5,0,1
E00072822,240,0,4,1,2
E00072823,222,5,1,2,2
E00072824,374,6,2,0,1
E00072825,282,7,7,3,1
E00072826,509,8,24,10,1
E00072827,353,5,4,0,0
E00072828,323,9,7,0,0
E00072829,327,7,5,2,0
E00072830,289,5,9,0,1
E00072831,296,0,0,0,0
E00072832,347,1,12,0,0
E00072833,325,1,5,1,0
E00072834,327,0,0,0,0
E00072835,316,0,0,0,1
E00072836,308,0,0,0,0
E00072837,421,3,5,0,10
E00072838,365,7,1,0,1
E00072839,389,0,1,0,0
E00072840,312,1,0,1,0
E00072841,381,0,0,0,0
E00072842,375,0,1,0,0
E00072843,573,6,2,1,4
E00072844,320,0,0,0,0
E00072845,299,4,7,0,0
E00072846,331,1,2,0,0
E00072847,237,0,4,0,0
E00072848,316,3,3,0,8
E00072849,307,0,0,0,0
E00072850,296,0,0,0,0
E00072851,265,1,12,0,0
E00072852,357,3,2,2,0
E00072853,278,2,5,2,4
E00072854,352,4,13,12,2
E00072855,260,0,4,2,0
E00072856,322,1,11,0,3
E00072857,322,0,0,0,0
E00072858,278,3,1,0,0
E00072859,331,0,0,0,0
E00072860,310,0,0,0,1
E00072861,481,2,11,0,1
E00072862,283,1,0,0,0
E00072863,296,1,2,0,0
E00072864,214,2,1,0,0
E00072865,350,6,0,1,0
E00072866,329,1,0,0,0
E00072867,398,6,2,1,0
E00072868,279,1,6,4,1
E00072869,281,6,1,0,2
E00072870,299,1,2,1,0
E00072871,329,10,9,5,5
E00072872,247,8,38,4,2
E00072873,247,5,1,1,0
E00072874,169,11,4,3,0
E00072875,266,1,9,3,0
E00072876,232,1,3,1,0
E00072877,273,3,5,4,0
E00072878,222,3,14,1,0
E00072879,426,8,30,6,11
E00072880,311,19,15,6,0
E00072881,351,9,5,6,0
E00072882,310,12,11,4,3
E00072883,253,10,13,9,2
E00072884,263,2,5,2,3
E00072885,345,10,8,9,1
E00072886,308,10,8,2,0
E00072887,286,4,2,6,1
E00072888,386,9,16,5,6
E00072889,255,7,4,2,4
E00072890,315,4,7,0,2
E00072891,279,5,5,2,4
E00072892,305,7,10,6,6
E00072894,263,4,5,1,1
E00072895,190,12,17,6,2
E00072896,296,7,17,8,1
E00072897,350,14,15,1,8
E00072898,304,7,13,3,6
E00072899,284,2,12,0,12
E00072900,273,7,22,13,5
E00072901,365,12,10,13,0
E00072902,253,9,13,2,4
E00072903,294,1,4,2,0
E00072904,257,4,10,1,2
E00072905,300,5,7,0,2
E00072906,304,1,10,6,1
E00072907,282,8,11,2,0
E00072908,342,2,4,0,2
E00072909,284,9,4,8,3
E00072910,365,5,21,1,7
E00072911,319,8,44,2,11
E00072912,363,7,22,0,0
E00072913,366,9,37,5,1
E00072914,268,4,12,0,0
E00072915,334,7,35,7,3
E00072916,398,4,9,3,0
E00072917,276,5,12,4,0
E00072918,189,3,6,4,1
E00072919,263,4,3,3,1
E00072920,262,3,11,4,0
E00072921,231,1,4,4,2
E00072922,352,10,5,8,0
E00072923,263,6,15,2,8
E00072924,262,7,6,4,0
E00072925,282,1,4,3,0
E00072926,449,2,0,0,3
E00072927,424,8,9,2,0
E00072928,354,6,4,0,0
E00072930,323,3,6,0,1
E00072931,373,3,8,0,0
E00072932,308,3,0,0,0
E00072933,219,0,0,0,0
E00072934,295,1,1,0,1
E00072935,254,1,3,0,0
E00072936,298,1,3,1,0
E00072937,383,0,4,1,0
E00072938,268,0,2,0,0
E00072940,293,3,6,1,0
E00072941,273,0,1,0,0
E00072942,275,2,9,1,0
E00072943,321,1,6,2,0
E00072944,345,3,0,8,1
E00072945,253,4,3,0,1
E00072946,270,7,4,4,0
E00072947,245,2,5,0,0
E00072948,496,1,14,0,0
E00072949,283,1,3,0,0
E00072950,356,6,7,1,0
E00072951,435,9,4,1,1
E00072952,294,3,3,0,2
E00072953,204,7,4,0,0
E00072954,252,8,0,0,0
E00072955,168,2,6,0,1
E00072956,349,5,3,0,0
E00072957,282,0,0,3,2
E00072958,304,1,3,1,0
E00072959,234,0,4,0,0
E00072960,298,1,0,0,0
E00072961,283,1,7,0,0
E00072962,317,2,1,1,0
E00072963,265,4,1,0,0
E00072964,245,1,2,0,1
E00072965,293,3,1,1,0
E00072966,302,0,0,0,0
E00072967,330,1,2,0,0
E00072968,364,0,1,0,0
E00072969,297,0,0,0,8
E00072970,342,4,5,0,0
E00072971,341,3,6,1,1
E00072972,309,8,1,1,1
E00072973,326,4,0,0,0
E00072974,382,10,4,0,0
E00072975,336,1,0,1,0
E00072976,333,4,1,0,0
E00072977,333,7,3,1,4
E00072978,387,4,3,0,0
E00072979,296,2,2,0,0
E00072980,283,8,6,0,0
E00072981,244,0,0,5,0
E00072982,345,1,1,0,0
E00072983,312,5,5,0,0
E00072984,328,4,0,2,0
E00072985,260,0,0,0,0
E00072986,376,0,0,1,0
E00072987,312,4,1,0,1
E00072988,323,1,2,0,0
E00072989,279,2,6,0,0
E00072990,334,5,13,5,0
E00072991,302,0,3,0,1
E00072992,324,4,3,0,0
E00072993,327,7,4,2,0
E00072994,242,2,0,0,1
E00072995,264,3,0,0,0
E00072996,289,3,9,1,0
E00072997,302,2,6,1,1
E00072998,344,5,3,0,1
E00072999,317,6,3,4,1
E00073000,308,0,4,3,1
E00073001,266,2,12,0,0
E00073002,265,3,17,4,1
E00073003,295,2,6,5,2
E00073004,271,7,7,5,0
E00073005,359,8,7,4,1
E00073006,261,4,2,6,1
E00073007,236,2,1,4,0
E00073008,247,5,1,1,2
E00073009,262,6,7,0,3
E00073010,224,6,0,11,0
E00073011,280,3,8,0,0
E00073012,274,9,13,10,3
E00073013,284,1,21,19,0
E00073014,335,0,2,0,0
E00073015,274,7,4,2,1
E00073016,213,2,3,0,1
E00073017,311,2,7,5,0
E00073018,349,13,8,5,0
E00073019,211,3,5,0,0
E00073020,246,1,0,0,0
E00073021,250,1,2,0,0
E00073022,120,0,0,0,0
E00073023,304,1,0,1,0
E00073024,200,3,1,0,0
E00073025,345,4,0,3,0
E00073026,253,0,1,0,0
E00073027,282,8,8,1,0
E00073028,341,1,4,0,1
E00073029,239,0,2,1,0
E00073030,255,11,5,2,0
E00073031,282,18,3,2,0
E00073032,240,11,5,7,0
E00073033,235,9,13,10,0
E00073034,324,16,3,11,0
E00073035,244,8,19,5,0
E00073036,332,19,10,8,2
E00073037,255,9,4,1,0
E00073038,314,16,2,10,0
E00073039,245,15,3,9,0
E00073040,275,10,2,4,0
E00073041,271,1,0,1,0
E00073042,261,13,0,9,0
E00073043,274,11,13,2,2
E00073044,238,8,0,1,0
E00073045,242,13,7,5,0
E00073046,202,11,6,6,0
E00073047,192,0,3,2,1
E00073048,215,8,4,10,0
E00073049,281,9,9,1,0
E00073050,331,6,4,2,0
E00073051,203,7,11,2,0
E00073052,191,19,23,19,2
E00073053,236,3,7,1,7
E00073054,243,3,20,4,2
E00073055,223,2,0,4,0
E00073056,356,7,10,3,0
E00073057,269,1,2,1,0
E00073058,242,6,14,4,4
E00073059,244,10,16,10,0
E00073060,288,6,2,7,0
E00073061,153,17,4,10,0
E00073062,226,5,10,7,6
E00073063,155,4,19,5,0
E00073064,210,7,25,1,2
E00073065,287,4,5,1,2
E00073066,226,5,12,7,0
E00073067,282,19,3,4,4
E00073068,285,9,11,2,2
E00073069,212,9,5,3,4
E00073070,256,0,5,9,4
E00073071,351,0,0,0,0
E00073072,316,5,0,2,0
E00073073,292,1,1,0,2
E00073074,285,1,1,0,0
E00073075,249,1,0,0,0
E00073076,296,2,0,3,1
E00073077,331,5,0,0,0
E00073078,288,2,9,3,1
E00073079,354,0,0,0,1
E00073080,296,2,3,0,0
E00073081,370,3,0,4,1
E00073082,580,6,23,2,0
E00073083,318,8,3,1,0
E00073084,353,1,3,0,0
E00073085,339,0,0,0,0
E00073086,386,5,2,0,1
E00073087,325,6,9,1,0
E00073088,288,3,4,4,1
E00073090,287,11,13,2,0
E00073091,230,9,15,1,1
E00073092,203,8,10,5,0
E00073093,266,11,25,4,0
E00073094,296,1,8,0,0
E00073095,368,7,17,0,3
E00073096,324,9,11,0,0
E00073097,291,3,23,4,3
E00073098,267,5,17,5,0
E00073099,362,4,2,4,5
E00073100,347,5,14,5,1
E00073101,338,17,11,4,1
E00073102,333,13,14,6,0
E00073103,337,5,11,1,0
E00073104,326,10,10,2,0
E00073105,317,3,18,5,3
E00073106,201,7,14,1,1
E00073107,255,6,21,0,0
E00073108,280,8,5,1,1
E00073109,251,11,5,4,4
E00073110,210,10,37,8,1
E00073111,190,4,18,5,11
E00073112,189,15,24,8,5
E00073113,248,10,5,2,1
E00073114,245,1,4,0,0
E00073115,327,3,14,0,0
E00073116,226,1,15,2,0
E00073117,236,4,5,1,3
E00073118,292,4,11,0,4
E00073119,302,0,19,7,0
E00073120,292,6,21,8,3
E00073121,259,3,2,4,0
E00073122,268,3,7,2,0
E00073123,339,6,1,6,2
E00073124,273,2,12,2,0
E00073125,297,7,28,5,1
E00073126,242,12,18,2,2
E00073127,363,13,20,5,2
E00073128,353,16,138,6,8
E00073129,281,4,50,1,4
E00073130,296,9,6,6,3
E00073131,258,14,3,6,2
E00073132,263,2,19,0,3
E00073133,255,9,16,4,0
E00073134,294,16,10,0,0
E00073135,295,9,9,1,1
E00073136,302,9,19,1,5
E00073137,284,4,15,1,3
E00073138,278,6,11,2,0
E00073139,260,11,17,1,2
E00073140,219,5,1,1,1
E00073141,278,10,6,1,1
E00073142,322,3,3,1,0
E00170250,260,3,11,0,1
E00170251,198,1,5,3,0
E00170252,583,15,28,14,4
E00170253,219,5,1,3,0
E00170254,1891,53,348,30,29
E00170255,397,3,7,0,3
E00170256,160,1,3,4,1
E00170257,134,6,3,0,1
E00073143,254,13,11,39,1
E00073144,165,32,52,324,12
E00073145,92,27,15,228,9
E00073146,43,46,11,462,30
E00073147,155,36,115,118,17
E00073148,193,22,13,58,12
E00073150,181,23,61,154,8
E00073152,326,23,15,10,5
E00073153,387,37,19,58,2
E00073154,303,14,19,4,0
E00073155,310,13,22,21,6
E00073156,205,20,12,73,4
E00073157,330,14,11,9,4
E00073158,204,11,27,58,0
E00073159,309,7,9,6,1
E00073160,345,11,5,22,0
E00073161,214,38,36,60,4
E00073162,352,21,17,19,3
E00073163,338,13,11,5,1
E00073164,209,6,33,20,2
E00073165,304,12,9,9,10
E00073166,208,31,9,14,1
E00073167,335,27,14,42,3
E00073168,229,36,28,44,2
E00073169,360,17,26,28,1
E00073170,474,21,22,16,11
E00073171,224,30,44,132,2
E00073172,176,14,2,80,3
E00073173,291,23,15,55,1
E00073174,310,14,19,18,0
E00073176,160,33,24,73,9
E00073177,166,30,13,105,0
E00073178,217,20,30,75,10
E00073179,196,22,34,52,0
E00073181,160,46,26,289,23
E00073182,223,30,24,70,9
E00073183,290,3,0,0,4
E00073184,286,6,12,22,1
E00073185,307,8,2,11,0
E00073186,284,5,0,0,2
E00073187,318,7,14,0,1
E00073188,279,8,3,1,0
E00073189,296,3,1,1,1
E00073190,360,5,24,1,0
E00073191,229,8,5,3,1
E00073192,289,3,3,4,0
E00073193,336,5,4,3,1
E00073194,320,12,1,8,0
E00073195,296,0,5,3,0
E00073196,207,9,4,0,0
E00073197,260,2,0,0,3
E00073198,185,7,8,4,1
E00073199,259,5,6,2,2
E00073200,289,7,0,5,0
E00073201,238,1,0,0,0
E00073202,250,5,11,10,6
E00073203,277,8,12,4,0
E00073204,270,2,9,1,0
E00073205,376,11,7,9,6
E00073206,357,1,8,5,4
E00073207,252,4,0,1,1
E00073208,190,4,0,3,4
E00073209,262,4,8,5,0
E00073210,327,4,5,9,0
E00073211,351,6,10,10,0
E00073212,289,6,3,1,2
E00073213,285,6,10,2,3
E00073214,312,10,15,0,0
E00073215,230,17,4,32,9
E00073216,286,10,12,8,5
E00073217,296,1,2,0,0
E00073218,328,1,13,3,0
E00073219,296,18,2,14,1
E00073220,255,5,6,9,0
E00073221,276,1,11,2,0
E00073222,332,12,8,23,0
E00073223,287,1,6,1,0
E00073224,281,3,3,1,2
E00073225,242,18,18,4,2
E00073226,212,6,0,2,0
E00073227,218,20,7,15,0
E00073228,295,4,4,2,0
E00073229,284,13,0,0,1
E00073230,299,5,6,3,1
E00073231,339,18,4,3,2
E00073232,265,7,3,0,1
E00073233,306,6,2,1,0
E00073234,294,1,2,1,1
E00073236,257,3,1,1,1
E00073237,284,3,3,1,1
E00073238,289,5,3,2,0
E00073239,322,20,5,3,2
E00073240,342,12,12,6,1
E00073241,256,10,0,0,0
E00073242,231,6,6,1,1
E00073243,353,6,0,1,1
E00073245,293,5,2,1,0
E00073246,304,3,11,2,0
E00073247,282,3,0,0,0
E00073248,301,5,6,1,1
E00073249,213,2,5,3,1
E00073250,369,8,3,2,10
E00073251,258,8,1,3,0
E00073252,288,13,7,3,0
E00073253,311,9,3,4,0
E00073254,271,5,5,5,0
E00073255,224,7,4,0,1
E00073256,283,6,10,1,0
E00073257,341,7,5,2,0
E00073258,272,16,8,8,1
E00073259,231,4,5,2,1
E00073260,302,2,7,0,0
E00073261,221,7,6,0,0
E00073262,218,9,16,2,1
E00073263,338,16,14,4,5
E00073264,339,11,8,19,2
E00073265,332,13,5,5,1
E00073266,278,16,9,8,2
E00073267,239,9,3,11,3
E00073268,320,10,12,5,0
E00073269,337,16,19,14,0
E00073270,376,17,10,7,1
E00073271,387,25,14,19,6
E00073272,273,16,29,8,10
E00073273,210,14,5,3,1
E00073274,266,3,10,2,2
E00073276,509,24,37,25,5
E00073277,284,14,15,19,3
E00073278,340,9,3,13,2
E00073279,492,19,29,10,1
E00073280,332,9,5,3,2
E00073281,326,6,12,11,0
E00073282,373,15,8,23,0
E00073283,351,13,7,0,0
E00073284,142,2,7,3,3
E00073285,324,21,13,26,3
E00073286,311,17,5,6,4
E00073287,270,14,4,2,4
E00073288,306,7,12,10,3
E00073289,340,12,4,6,1
E00073290,291,10,12,1,1
E00073291,280,10,24,15,3
E00073292,451,13,20,17,0
E00073293,355,16,12,21,0
E00073294,348,16,6,16,0
E00073295,299,6,2,5,2
E00073296,260,8,7,4,1
E00073297,304,6,4,2,2
E00073298,277,12,23,4,7
E00073299,301,15,4,12,1
E00073300,241,3,1,1,4
E00073301,347,2,14,5,1
E00073302,298,22,7,5,0
E00073303,333,5,0,0,0
E00073304,282,4,5,5,0
E00073305,284,1,0,0,3
E00073306,247,6,1,1,2
E00073307,285,7,1,4,0
E00073308,279,7,5,15,1
E00073309,260,1,5,1,3
E00073310,334,14,1,5,3
E00073311,292,7,0,3,0
E00073312,297,3,0,3,1
E00073313,309,5,1,2,0
E00073314,280,10,0,12,1
E00073315,185,13,2,2,0
E00073316,242,8,1,2,3
E00073317,260,12,0,5,0
E00073318,345,7,0,7,0
E00073319,354,4,4,3,0
E00073320,307,5,1,0,1
E00073321,284,12,9,5,0
E00073322,308,3,11,0,0
E00073323,270,1,7,1,1
E00073324,329,6,0,8,0
E00073325,366,7,6,2,1
E00073326,283,11,2,5,3
E00073327,303,5,0,0,0
E00073328,344,0,9,1,3
E00073329,252,21,9,3,0
E00073330,343,10,3,1,0
E00073331,316,3,2,1,3
E00073332,306,1,2,0,0
E00073333,279,2,0,2,3
E00073334,292,5,5,2,0
E00073335,389,17,13,3,3
E00073336,276,12,13,1,0
E00073337,252,5,1,9,0
E00073338,278,3,3,7,2
E00073339,245,16,3,14,2
E00073340,222,14,16,11,6
E00073341,257,8,10,3,2
E00073342,354,11,10,26,0
E00073343,375,7,5,2,4
E00073344,219,8,18,5,0
E00073345,160,3,6,10,1
E00073346,311,10,5,10,0
E00073347,186,5,4,2,5
E00073348,240,7,5,11,0
E00073349,254,13,14,17,0
E00073350,287,12,2,1,0
E00073351,304,13,14,25,4
E00073352,217,2,10,18,0
E00073353,333,9,1,3,0
E00073354,287,19,0,38,2
E00073355,282,9,15,17,2
E00073356,258,7,21,19,3
E00073357,272,3,1,5,0
E00073358,265,10,16,6,1
E00073359,273,6,0,5,0
E00073360,228,4,9,8,0
E00073361,285,12,1,11,1
E00073362,168,1,1,3,0
E00073363,323,5,12,8,1
E00073364,229,15,12,9,0
E00073365,288,3,3,0,0
E00073366,357,7,11,3,0
E00073367,282,4,1,6,1
E00073368,262,8,9,3,0
E00073369,302,4,7,13,0
E00073370,191,3,7,1,0
E00073371,180,4,1,4,0
E00073372,223,11,1,10,0
E00073373,267,10,4,6,0
E00073374,322,11,5,5,0
E00073375,274,7,1,13,1
E00073376,266,8,4,2,0
E00073377,254,12,8,5,1
E00073378,283,12,3,5,0
E00073379,343,1,4,0,1
E00073380,328,16,6,6,0
E00073381,359,8,11,21,4
E00073382,309,3,17,8,0
E00073383,246,8,4,11,0
E00073384,461,14,40,12,7
E00073385,260,8,22,4,0
E00073386,275,3,5,7,2
E00073387,209,12,1,11,0
E00073388,284,2,10,0,2
E00073389,272,22,7,14,2
E00073390,302,6,0,3,0
E00073391,285,4,7,17,0
E00073392,325,5,11,14,2
E00073393,301,16,2,7,0
E00073394,423,24,17,21,2
E00073395,289,7,1,8,0
E00073396,239,6,4,12,1
E00073397,256,0,11,19,0
E00073398,251,2,5,6,4
E00073399,268,11,13,8,1
E00073400,283,21,3,3,1
E00073401,262,7,1,0,0
E00073402,223,14,6,9,0
E00073403,229,16,7,12,3
E00073404,269,6,3,2,3
E00073405,282,14,11,10,0
E00073406,290,3,0,5,1
E00073407,240,8,11,11,1
E00073408,353,15,7,8,6
E00073409,269,9,16,10,2
E00073410,255,7,11,4,1
E00073411,290,11,9,7,1
E00073412,262,15,16,6,0
E00073413,277,5,2,5,5
E00073414,162,40,38,85,1
E00073415,271,13,77,4,2
E00073416,283,13,9,5,2
E00073417,480,18,92,8,12
E00073419,208,11,17,11,4
E00073420,159,9,41,12,12
E00073421,349,17,83,12,5
E00073422,96,2,22,86,5
E00073423,221,11,12,8,7
E00073424,127,10,6,50,9
E00073425,302,10,52,11,2
E00073426,221,14,76,2,5
E00073431,361,19,38,6,4
E00073432,141,11,6,9,6
E00073433,312,24,89,9,9
E00073436,310,9,11,4,5
E00073437,198,6,14,5,1
E00073438,224,19,11,168,23
E00073439,216,8,3,19,1
E00073440,272,9,5,7,2
E00073441,109,16,7,109,11
E00073442,365,11,26,10,0
E00073443,247,6,5,5,0
E00073444,210,13,7,2,2
E00073445,211,12,39,7,2
E00073446,358,23,64,11,3
E00073447,211,30,10,13,15
E00073448,256,4,9,5,3
E00073449,187,4,4,2,1
E00073450,256,10,6,0,2
E00073451,271,5,8,1,1
E00073452,253,7,4,4,1
E00073453,273,5,9,1,6
E00073454,275,17,6,1,5
E00073455,305,6,2,7,0
E00073456,273,8,17,0,1
E00073457,199,4,7,2,3
E00073458,257,8,0,1,2
E00073461,222,7,14,8,3
E00073462,334,14,12,7,8
E00073463,190,10,5,3,0
E00073464,507,13,36,4,4
E00073465,338,14,33,3,3
E00073466,324,20,29,9,7
E00073467,264,4,2,5,0
E00073468,344,12,3,6,1
E00073469,203,4,8,2,5
E00073470,303,19,16,3,3
E00073471,198,7,11,12,5
E00073472,230,8,11,8,5
E00073473,133,0,0,0,6
E00073474,172,3,3,2,1
E00073476,227,9,11,2,1
E00073477,283,7,3,0,2
E00073478,231,7,8,2,1
E00073479,247,10,10,0,3
E00073480,300,10,14,3,5
E00073481,453,15,13,1,4
E00073482,325,14,14,5,8
E00073483,312,7,3,0,0
E00073484,246,7,19,0,1
E00073485,172,5,13,5,3
E00073486,305,18,13,3,10
E00073487,258,16,19,2,0
E00073488,231,8,18,2,2
E00073489,208,12,20,7,3
E00073490,208,3,12,3,2
E00073491,236,13,30,7,3
E00073492,302,7,8,3,0
E00073493,244,9,37,13,6
E00073494,314,5,32,8,7
E00073495,367,8,55,5,3
E00073496,434,23,56,19,4
E00073497,242,2,13,0,3
E00073498,220,4,3,0,2
E00073499,217,3,5,0,2
E00073500,329,10,18,3,6
E00073501,324,1,6,5,5
E00073502,315,9,16,2,2
E00073503,205,2,4,2,1
E00073504,275,21,16,4,0
E00073505,141,4,8,3,3
E00073506,288,6,6,5,0
E00073507,159,3,4,1,1
E00073508,216,9,0,3,0
E00073509,266,5,7,4,1
E00073510,256,12,16,4,3
E00073511,205,12,13,5,1
E00073512,279,15,16,2,0
E00073513,213,6,12,0,0
E00073514,347,17,13,5,2
E00073515,296,12,8,1,3
E00073516,315,13,11,3,1
E00073517,262,14,11,1,3
E00073518,217,18,10,1,3
E00073519,325,21,19,1,6
E00073520,290,5,10,14,4
E00073521,295,11,6,3,0
E00073522,310,10,12,17,0
E00073523,241,14,17,4,1
E00073524,257,13,24,4,3
E00073525,318,8,19,6,0
E00073526,251,12,21,11,0
E00073527,283,7,18,16,4
E00073528,290,17,12,16,0
E00073529,294,10,24,8,2
E00073530,273,9,15,8,4
E00073531,296,10,13,4,4
E00073532,441,14,24,10,1
E00073533,314,13,15,0,5
E00073534,294,8,8,6,0
E00073535,228,5,3,1,1
E00073536,207,4,5,0,2
E00073537,311,12,8,7,4
E00073538,289,8,7,1,3
E00073539,209,9,8,2,0
E00073540,212,4,4,6,5
E00073541,301,13,26,10,1
E00073542,219,12,17,4,1
E00073543,275,9,7,1,2
E00073544,273,12,23,2,1
E00073545,328,18,14,7,3
E00073546,407,8,12,6,6
E00073547,252,8,10,2,4
E00073548,376,26,15,17,2
E00073549,303,14,5,8,4
E00073550,358,8,10,4,1
E00073551,327,9,15,3,2
E00073552,266,15,11,10,3
E00073553,258,12,14,8,0
E00073554,281,9,17,3,1
E00073555,275,7,8,8,2
E00073556,250,8,14,7,0
E00073557,336,12,23,0,2
E00073558,309,9,5,1,3
E00073559,246,31,28,28,1
E00073560,222,26,11,26,0
E00073561,192,39,95,101,6
E00073562,177,13,100,86,5
E00073563,205,24,82,82,17
E00073564,241,24,26,43,9
E00073565,170,22,89,162,25
E00073566,123,16,59,43,9
E00073567,162,43,54,59,17
E00073568,193,21,62,73,8
E00073569,273,17,73,32,3
E00073570,188,19,45,95,4
E00073571,274,33,33,47,3
E00073572,228,27,33,54,3
E00073573,227,41,99,107,29
E00073574,205,18,61,84,6
E00073575,200,30,187,94,13
E00073576,239,39,77,56,7
E00073577,196,25,38,90,2
E00073578,172,34,79,108,0
E00073579,186,12,12,20,0
E00073580,273,18,29,20,2
E00073581,218,38,19,53,9
E00073582,265,29,17,31,2
E00073583,279,10,11,24,13
E00073584,199,16,42,68,2
E00073585,252,29,29,22,1
E00073586,244,18,14,15,0
E00073587,231,8,32,17,2
E00073588,124,2,10,31,1
E00073589,121,10,2,18,0
E00073590,307,41,15,82,17
E00073591,210,12,19,11,6
E00073592,240,9,12,12,2
E00073593,234,10,17,25,2
E00073594,269,18,7,16,1
E00073595,206,27,31,15,3
E00073596,219,13,11,37,11
E00073597,196,52,130,169,34
E00073598,212,10,45,35,4
E00073599,209,9,23,9,5
E00073600,258,30,35,14,3
E00073601,153,21,31,32,3
E00073602,200,16,59,23,3
E00073603,141,30,65,111,7
E00073604,180,27,119,41,4
E00073605,159,19,29,34,5
E00073606,267,13,42,13,3
E00073607,143,35,44,39,2
E00073608,156,25,66,43,11
E00073609,183,2,66,45,4
E00073611,172,25,68,78,5
E00073612,107,20,116,91,9
E00073613,164,41,17,60,23
E00073614,241,16,27,45,9
E00073615,231,23,61,18,16
E00073616,201,21,48,55,10
E00073617,214,10,22,2,3
E00073618,239,10,37,10,1
E00073619,229,17,83,9,10
E00073620,270,12,2,2,1
E00073621,255,16,55,15,1
E00073622,259,1,21,10,0
E00073623,229,8,95,28,5
E00073624,202,14,7,15,0
E00073625,300,7,11,24,5
E00073626,264,14,15,26,6
E00073627,329,38,19,20,3
E00073628,103,19,27,73,3
E00073629,295,22,41,30,7
E00073630,229,10,61,34,14
E00073631,258,11,21,37,15
E00073632,259,18,79,23,0
E00073633,197,11,32,9,2
E00073634,271,37,110,49,3
E00073635,197,16,33,55,0
E00073636,279,2,17,4,0
E00073637,344,4,4,22,3
E00073638,292,11,15,17,6
E00073639,289,4,9,7,1
E00073640,273,16,17,10,2
E00073641,308,26,15,1,1
E00073642,332,5,8,11,3
E00073643,288,5,14,9,0
E00073644,359,9,23,7,4
E00073645,341,14,7,9,0
E00073646,447,17,14,34,6
E00073647,292,20,32,14,0
E00073648,356,39,7,7,2
E00073649,330,9,5,19,0
E00073650,339,16,2,12,1
E00073651,356,8,6,2,4
E00073652,316,8,2,6,0
E00073653,207,2,2,3,0
E00073654,282,8,6,12,1
E00073655,354,7,8,14,1
E00073656,332,5,11,12,0
E00073657,277,5,2,17,0
E00073658,288,18,11,0,0
E00073659,310,5,2,8,1
E00073660,360,13,11,1,0
E00073661,379,16,1,18,1
E00073662,272,34,4,11,1
E00073663,253,15,15,6,0
E00073664,190,5,0,2,1
E00073665,280,5,3,8,0
E00073666,322,6,9,5,6
E00073667,365,9,23,17,5
E00073668,276,11,18,6,0
E00073669,231,7,8,14,0
E00073670,255,12,14,0,0
E00073671,320,15,3,16,3
E00073672,275,14,18,15,1
E00073673,177,7,32,9,1
E00073674,263,8,18,6,2
E00073675,217,2,18,13,2
E00073676,256,21,80,22,5
E00073677,202,15,14,24,7
E00073678,211,18,13,22,0
E00073679,163,12,6,3,3
E00073680,147,24,34,33,14
E00073681,207,16,15,13,6
E00073682,221,18,34,14,1
E00073683,324,9,29,21,3
E00073684,219,14,36,16,7
E00073685,242,12,16,41,6
E00073686,335,32,34,38,1
E00073688,218,31,18,32,3
E00073689,250,5,18,4,5
E00073690,266,11,30,20,4
E00073691,280,3,10,4,1
E00073692,319,20,13,23,7
E00073693,314,9,34,32,6
E00073694,273,14,26,39,2
E00073695,238,10,15,27,9
E00073696,229,20,26,14,1
E00073697,249,18,18,26,1
E00073698,304,19,38,54,3
E00073699,309,25,16,22,1
E00073700,189,11,14,15,6
E00073701,249,3,10,2,0
E00073702,211,13,16,6,3
E00073703,188,11,20,14,2
E00073704,236,3,6,7,0
E00073705,262,2,7,8,0
E00073706,272,11,22,34,0
E00073707,208,7,47,7,0
E00073708,259,5,10,23,0
E00073709,253,4,15,8,1
E00073710,265,1,0,1,0
E00073711,386,4,13,0,0
E00073712,301,7,1,0,0
E00073713,342,8,0,11,0
E00073714,288,16,1,4,5
E00073715,331,5,4,0,0
E00073716,234,9,2,10,2
E00073717,271,7,5,1,0
E00073718,288,6,10,4,0
E00073719,351,12,5,0,0
E00073720,365,7,5,7,0
E00073721,230,9,8,9,1
E00073722,372,6,0,7,0
E00073723,328,7,1,5,3
E00073724,487,10,3,7,1
E00073725,266,0,1,0,0
E00073726,233,4,0,8,1
E00073727,226,7,4,0,3
E00073728,338,3,0,2,0
E00073729,257,13,0,7,1
E00073730,286,0,1,4,1
E00073731,286,19,0,4,0
E00073732,241,7,7,0,1
E00073733,243,1,2,2,0
E00073734,279,5,2,0,0
E00073735,291,7,2,0,0
E00073736,267,10,0,1,0
E00073737,284,3,0,1,0
E00073738,316,0,0,8,0
E00073739,320,0,0,0,0
E00073740,308,2,0,0,1
E00073741,277,2,0,0,0
E00073742,269,2,5,0,0
E00073743,332,1,1,4,0
E00073744,300,5,1,11,0
E00073745,279,17,1,11,0
E00073746,207,4,15,1,2
E00073747,260,4,4,0,1
E00073748,427,36,28,17,4
E00073749,282,2,4,6,0
E00073750,223,10,15,12,5
E00073751,252,11,16,18,1
E00073752,400,16,48,13,11
E00073754,299,12,13,8,0
E00073755,202,17,17,21,1
E00073756,151,10,0,2,1
E00073757,266,4,9,1,1
E00073758,254,17,7,9,0
E00073759,252,12,18,25,6
E00073760,273,12,17,16,2
E00073761,303,27,18,6,3
E00073762,263,2,5,1,1
E00073763,256,19,6,6,2
E00073764,249,5,16,28,5
E00073765,241,6,7,4,0
E00073766,276,9,7,32,0
E00073767,303,13,1,3,0
E00073768,299,4,18,8,1
E00073769,277,1,10,5,0
E00073770,245,5,11,7,0
E00073771,248,10,27,6,0
E00073772,251,8,10,12,4
E00073773,298,10,4,10,5
E00073774,266,10,19,6,2
E00073775,345,8,6,20,2
E00073776,215,21,5,11,1
E00073777,234,1,9,21,2
E00073778,244,11,29,2,0
E00073779,247,4,2,0,0
E00073780,196,8,3,5,0
E00073781,324,8,1,12,1
E00073782,341,14,6,5,0
E00073783,340,8,14,2,1
E00073784,304,1,7,5,0
E00073785,348,4,1,13,0
E00073786,368,12,10,18,0
E00073787,345,6,1,1,0
E00073788,292,1,9,0,1
E00073789,336,3,10,0,0
E00073790,347,5,6,2,0
E00073791,208,5,6,0,0
E00073792,350,12,16,21,0
E00073793,323,5,30,3,2
E00073794,251,5,10,3,1
E00073795,306,6,1,4,0
E00073796,257,3,0,13,4
E00073797,228,6,1,2,0
E00073798,305,8,3,2,1
E00073799,306,1,6,2,3
E00073800,242,4,4,1,1
E00073801,297,3,1,1,0
E00073802,290,6,1,9,0
E00073803,313,3,1,1,0
E00073804,226,1,3,0,0
E00073805,266,5,0,3,0
E00073806,271,4,0,0,1
E00073807,278,1,6,0,0
E00073808,265,1,0,5,1
E00073809,262,1,0,2,0
E00073810,276,1,0,0,0
E00073811,251,8,10,14,6
E00073812,295,14,1,5,0
E00073813,278,4,3,4,1
E00073814,324,15,6,0,1
E00073815,298,0,10,3,1
E00073816,270,0,0,3,0
E00073817,347,13,11,6,0
E00073818,297,5,12,2,0
E00073819,259,10,3,4,1
E00073820,217,10,3,3,4
E00073821,195,6,5,15,1
E00073822,352,11,6,4,1
E00073823,191,6,6,10,3
E00073824,305,8,10,7,2
E00073825,299,8,5,5,0
E00073826,296,8,14,3,1
E00073827,334,17,6,2,0
E00073828,319,12,7,7,8
E00073829,282,3,7,7,2
E00073830,321,3,9,4,4
E00073831,255,11,10,5,0
E00073832,249,10,5,0,2
E00073833,327,7,8,2,0
E00073834,210,2,23,5,4
E00073835,253,8,2,1,0
E00073836,190,1,9,0,2
E00073837,287,10,5,4,4
E00073838,323,6,6,1,0
E00073839,313,5,9,4,2
E00073840,304,4,10,1,3
E00073841,331,4,5,2,1
E00073842,307,7,9,1,1
E00073843,322,9,14,2,1
E00073844,326,22,9,3,0
E00073845,295,15,12,1,5
E00073846,263,5,11,6,0
E00073847,274,9,8,4,4
E00073848,281,0,3,5,0
E00073849,369,14,9,1,1
E00073850,250,9,9,3,1
E00073851,256,1,24,6,3
E00073852,235,14,36,11,0
E00073853,277,13,34,5,2
E00073854,280,9,24,7,1
E00073855,189,11,16,15,2
E00073856,271,23,16,31,1
E00073857,282,30,19,32,1
E00073858,268,8,9,9,0
E00073859,211,11,17,10,2
E00073860,102,1,1,10,1
E00073861,299,6,24,3,0
E00073862,462,4,14,62,2
E00073864,477,32,19,29,6
E00073865,323,4,8,7,0
E00073866,237,15,37,8,0
E00073867,225,14,27,15,0
E00073868,263,10,5,11,2
E00073869,219,15,30,20,6
E00073870,255,8,32,30,0
E00073871,159,34,20,41,1
E00073872,310,34,16,13,0
E00073873,247,22,56,41,1
E00073874,260,9,36,33,1
E00073875,277,20,11,26,1
E00073876,227,18,59,36,2
E00073877,233,7,49,23,0
E00073878,216,13,32,22,1
E00073879,275,23,56,44,0
E00073880,329,29,25,40,2
E00073881,233,14,46,29,18
E00073882,232,14,27,55,11
E00073883,232,22,40,34,8
E00073884,213,15,9,38,10
E00073885,304,7,4,1,0
E00073886,258,16,28,8,0
E00073887,189,14,85,45,10
E00073888,244,8,54,55,0
E00073889,192,12,41,12,15
E00073890,256,9,21,15,5
E00073891,222,11,51,16,5
E00073892,264,9,21,9,7
E00073893,328,17,6,8,1
E00073894,332,11,14,1,3
E00073895,207,12,38,13,5
E00073896,254,12,19,31,4
E00073897,252,6,31,8,4
E00073898,263,12,35,21,0
E00073899,224,7,58,61,3
E00073900,278,14,14,11,0
E00073901,320,14,18,17,4
E00073902,230,17,30,12,1
E00073903,137,7,28,29,0
E00073904,289,14,35,48,4
E00073905,408,18,50,28,0
E00073906,310,2,2,0,5
E00073907,271,10,12,2,0
E00073908,252,21,19,31,0
E00073909,185,15,10,39,4
E00073910,200,21,9,43,5
E00073911,279,10,8,6,1
E00073912,298,24,32,26,1
E00073913,293,15,9,9,3
E00073914,324,9,27,5,1
E00073915,329,12,16,18,1
E00073916,294,7,10,2,0
E00073917,247,14,10,2,1
E00073918,287,5,17,19,5
E00073919,281,10,50,38,8
E00073921,194,12,45,17,0
E00073922,269,1,32,6,3
E00073923,246,20,35,17,7
E00073925,252,16,46,15,16
E00073926,263,9,22,17,2
E00073927,293,8,39,15,0
E00073928,247,9,23,28,2
E00073929,241,7,17,7,2
E00073930,271,10,4,8,3
E00073931,279,5,7,6,0
E00073932,281,23,5,2,0
E00073933,230,6,7,5,0
E00073934,216,10,8,2,1
E00073935,302,2,6,0,0
E00073936,189,1,5,2,1
E00073937,269,0,5,6,0
E00073938,207,13,5,12,0
E00073939,328,7,4,8,0
E00073940,266,1,0,1,1
E00073941,272,6,10,7,0
E00073942,271,11,4,31,1
E00073943,254,3,8,5,0
E00073944,225,15,1,24,0
E00073945,261,11,10,17,1
E00073946,319,4,7,20,1
E00073947,300,3,1,11,2
E00073948,310,2,1,5,5
E00073949,182,6,1,7,0
E00073950,283,12,1,34,0
E00073951,253,5,7,0,0
E00073952,202,14,1,9,1
E00073953,240,3,7,6,4
E00073954,225,6,5,9,1
E00073955,308,4,6,6,0
E00073956,264,15,10,8,2
E00073957,237,11,10,5,5
E00073958,290,3,2,1,1
E00073959,332,2,5,8,1
E00073960,249,0,8,0,2
E00073961,284,5,1,3,0
E00073962,275,2,12,3,2
E00073963,325,14,7,1,1
E00073964,325,4,1,8,2
E00073965,262,7,2,2,0
E00073966,258,4,5,8,0
E00073967,293,14,12,8,0
E00073968,281,12,16,4,0
E00073969,253,8,18,5,1
E00073970,263,4,26,5,0
E00073971,316,4,13,1,1
E00073972,279,9,45,5,7
E00073973,305,9,54,5,2
E00073974,373,4,29,0,0
E00073975,308,5,9,1,2
E00073976,264,11,9,3,1
E00073977,287,20,3,7,1
E00073978,298,3,15,10,0
E00073979,287,8,3,3,4
E00073980,256,8,10,4,0
E00073981,273,5,13,8,2
E00073982,237,6,21,6,0
E00073983,326,9,10,1,1
E00073984,363,8,3,3,2
E00073985,267,5,10,0,0
E00073986,288,10,2,2,1
E00073987,278,15,12,3,0
E00073988,243,15,52,1,0
E00073989,289,7,15,4,2
E00073990,302,7,4,6,0
E00073991,389,7,8,14,0
E00073992,324,1,4,8,1
E00073993,342,13,16,6,1
E00073994,307,7,14,0,0
E00073995,301,8,12,0,6
E00073996,291,9,17,9,0
E00073997,206,2,17,6,1
E00073998,399,9,2,1,4
E00073999,304,16,9,15,0
E00074000,234,32,10,69,2
E00074001,98,20,66,103,3
E00074002,147,8,3,25,3
E00074003,283,24,31,110,21
E00074006,165,30,28,136,11
E00074007,170,5,48,7,7
E00074008,175,8,13,2,3
E00074009,280,36,37,58,7
E00074010,166,19,11,66,7
E00074011,105,29,61,149,6
E00074012,73,11,48,89,2
E00074013,122,23,90,118,19
E00074014,158,27,86,96,11
E00074016,39,6,29,200,5
E00074018,141,34,155,159,5
E00074019,55,24,45,212,14
E00074020,152,22,104,131,29
E00074021,88,30,84,191,7
E00074022,174,61,61,148,21
E00074023,136,41,119,231,21
E00074024,149,28,120,112,3
E00074025,107,37,121,113,26
E00074026,178,26,106,155,13
E00074027,71,27,54,154,8
E00074028,161,40,16,221,14
E00074029,89,23,43,373,19
E00074030,88,12,6,93,8
E00074032,69,27,15,290,26
E00074033,110,38,14,221,17
E00074034,86,18,43,172,6
E00074037,106,9,15,147,11
E00074038,111,13,26,161,17
E00074040,139,23,26,319,27
E00074041,135,14,41,140,6
E00074042,75,13,11,153,10
E00074044,333,8,29,38,1
E00074045,229,30,47,31,2
E00074046,320,12,56,39,5
E00074047,236,18,11,30,0
E00074048,265,7,12,20,2
E00074049,257,21,23,26,2
E00074050,185,3,5,22,1
E00074051,294,18,21,30,10
E00074052,255,11,23,28,1
E00074053,225,51,41,55,20
E00074054,184,15,88,128,3
E00074055,256,21,107,124,6
E00074056,192,14,76,102,4
E00074057,195,27,95,119,14
E00074058,230,13,47,59,9
E00074060,249,32,53,126,7
E00074061,230,30,19,44,0
E00074062,233,6,22,34,1
E00074063,216,7,33,28,0
E00074064,248,22,18,17,5
E00074065,232,11,52,29,0
E00074066,239,13,16,50,2
E00074067,229,27,10,24,0
E00074068,224,25,34,22,4
E00074069,271,6,18,24,0
E00074070,186,6,9,18,1
E00074071,110,10,12,41,1
E00074072,247,13,53,36,7
E00074073,263,22,29,19,2
E00074074,262,19,23,24,0
E00074075,235,3,21,18,6
E00074076,202,18,16,39,4
E00074077,284,17,35,25,1
E00074078,267,7,16,5,0
E00074079,288,8,13,7,3
E00074080,270,10,6,3,1
E00074081,418,18,17,6,5
E00074082,250,19,3,6,2
E00074083,243,8,5,17,0
E00074084,229,5,10,4,7
E00074085,223,8,6,10,3
E00074086,277,4,3,2,0
E00074087,327,7,7,2,1
E00074088,403,21,49,13,1
E00074089,318,14,11,3,1
E00074090,278,15,16,9,2
E00074091,261,24,18,0,1
E00074092,198,17,1,6,1
E00074093,325,8,19,14,2
E00074094,321,17,12,1,1
E00074095,278,9,20,4,7
E00074096,312,9,20,2,2
E00074097,288,13,19,1,1
E00074098,323,9,4,5,0
E00074099,254,17,5,3,2
E00074100,307,12,17,1,2
E00074101,258,9,10,8,3
E00074102,289,16,4,2,2
E00074103,326,5,20,3,0
E00074104,258,8,12,13,14
E00074105,356,10,10,5,2
E00074106,346,12,2,9,2
E00074107,208,4,12,1,3
E00074108,345,10,2,17,0
E00074109,367,17,48,4,5
E00074110,272,22,7,26,3
E00074111,271,12,12,1,5
E00074112,324,7,19,4,2
E00074113,292,21,2,4,3
E00074114,307,7,11,2,0
E00074115,296,11,25,24,12
E00074116,269,11,8,18,4
E00074117,245,9,17,7,3
E00074118,289,6,9,6,0
E00074119,307,10,6,12,1
E00074120,297,8,4,7,0
E00074121,295,8,9,11,0
E00074122,203,3,15,3,1
E00074123,317,10,25,9,0
E00074124,279,6,8,4,1
E00074125,306,4,9,6,0
E00074126,263,6,0,25,5
E00074127,259,6,3,22,0
E00074128,247,9,7,23,0
E00074129,292,9,9,16,0
E00074130,336,11,26,5,0
E00074131,276,5,10,4,0
E00074132,285,1,5,12,0
E00074133,230,3,7,8,2
E00074134,288,3,6,1,1
E00074135,332,12,13,14,9
E00074136,308,6,4,7,1
E00074137,186,9,7,10,2
E00074138,262,0,13,4,0
E00074139,297,11,8,12,0
E00074140,200,4,0,14,3
E00074141,317,11,5,10,5
E00074142,320,3,6,1,0
E00074143,336,9,2,16,0
E00074144,278,15,7,2,1
E00074145,291,0,10,5,0
E00074146,295,10,23,14,1
E00074147,328,30,23,7,7
E00074148,258,8,11,18,0
E00074149,339,12,31,35,0
E00074150,171,3,14,35,0
E00074151,305,18,8,11,1
E00074152,245,4,20,10,0
E00074153,252,14,7,7,5
E00074154,256,18,35,23,0
E00074155,245,18,22,31,0
E00074156,199,14,13,11,0
E00074157,244,14,9,20,4
E00074158,260,10,12,17,3
E00074159,234,16,60,49,6
E00074160,252,12,24,24,6
E00074161,249,17,8,66,2
E00074162,225,16,42,36,0
E00074163,245,2,14,24,5
E00074164,225,7,0,35,2
E00074165,220,6,43,29,9
E00074166,302,22,5,40,0
E00074167,208,5,37,29,22
E00074168,232,7,17,5,7
E00074169,260,13,5,8,7
E00074170,269,15,19,35,9
E00074171,281,5,1,8,0
E00074172,232,2,6,10,7
E00074173,275,14,7,8,1
E00074174,262,37,17,33,5
E00074175,264,17,36,66,2
E00074176,239,8,5,8,1
E00074177,234,11,24,13,0
E00074178,225,16,8,23,1
E00074179,310,8,21,10,1
E00074180,306,17,26,51,10
E00074181,255,23,14,16,0
E00074182,188,8,16,25,1
E00074183,231,13,21,10,3
E00074184,281,4,10,15,7
E00074185,260,6,0,9,1
E00074186,215,20,12,31,6
E00074187,202,13,6,11,0
E00074188,179,9,0,15,7
E00074189,166,24,20,20,14
E00074190,299,13,28,5,2
E00074191,319,8,4,8,1
E00074192,266,40,31,45,1
E00074193,351,9,7,8,0
E00074194,211,3,0,2,2
E00074195,230,6,25,7,1
E00074196,415,23,76,40,2
E00074197,199,5,30,4,11
E00074198,301,11,39,29,0
E00074199,261,6,25,6,0
E00074200,258,9,33,15,10
E00074201,314,20,50,23,8
E00074202,347,6,61,16,2
E00074203,197,8,12,13,0
E00074204,404,28,34,36,0
E00074205,272,9,21,16,2
E00074206,266,19,34,48,9
E00074207,363,13,29,3,8
E00074208,264,6,37,19,0
E00074209,313,14,36,33,5
E00074210,364,4,21,26,0
E00074211,305,13,14,16,5
E00074212,259,13,29,9,2
E00074213,405,13,10,4,1
E00074214,267,17,45,15,1
E00074215,362,21,22,16,2
E00074216,267,3,21,12,0
E00074217,292,10,36,7,2
E00074218,179,9,25,16,2
E00074219,294,8,12,30,1
E00074220,303,10,33,20,1
E00074221,297,9,22,15,0
E00074222,206,12,3,17,0
E00074223,267,3,1,4,1
E00074224,236,4,4,2,0
E00074225,266,7,15,4,0
E00074226,257,3,26,1,2
E00074227,277,8,14,11,0
E00074228,207,7,1,4,1
E00074229,152,27,11,40,3
E00074230,287,14,7,1,2
E00074231,271,18,6,3,1
E00074232,192,13,2,2,1
E00074233,210,32,12,12,3
E00074234,224,10,2,4,10
E00074235,178,4,11,6,1
E00074236,312,17,13,11,2
E00074237,352,14,9,9,15
E00074238,288,9,6,3,0
E00074240,335,5,2,0,2
E00074241,338,11,8,2,0
E00074243,301,14,9,2,5
E00074244,296,20,10,2,6
E00074245,260,26,8,2,0
E00074246,320,11,7,3,1
E00074247,304,6,3,3,1
E00074248,299,7,2,5,7
E00074249,364,19,11,31,6
E00074250,298,1,0,3,0
E00074251,282,5,0,1,2
E00074252,278,8,11,1,1
E00074253,270,7,16,2,3
E00074254,224,6,9,10,1
E00074255,153,2,3,1,0
E00074256,286,4,4,5,0
E00074257,278,18,7,2,0
E00074258,382,14,6,7,0
E00074259,184,6,7,6,2
E00074260,308,3,7,1,1
E00074261,308,7,6,1,1
E00074262,315,3,1,0,0
E00074263,290,13,15,17,0
E00074264,424,10,4,6,1
E00074265,323,10,6,4,3
E00074266,275,0,8,0,0
E00074267,254,4,2,0,0
E00074268,331,5,7,2,2
E00074269,288,1,1,0,0
E00074270,301,6,3,0,2
E00074271,190,5,7,1,1
E00074272,255,5,7,5,0
E00074273,286,3,0,9,0
E00074274,265,4,1,2,0
E00074275,364,2,8,3,0
E00074276,338,11,6,0,1
E00074277,316,2,0,2,0
E00074278,311,0,1,0,0
E00074279,483,26,17,22,2
E00074280,277,0,1,0,0
E00074281,261,3,0,3,2
E00074282,311,2,6,0,0
E00074283,315,0,9,1,0
E00074284,190,0,1,4,1
E00074285,277,2,3,2,0
E00074286,232,2,2,2,1
E00074287,241,9,6,12,4
E00074288,385,7,6,1,1
E00074289,267,1,5,0,0
E00074290,276,5,9,8,0
E00074291,256,3,2,6,5
E00074292,279,5,6,1,0
E00074293,356,5,1,6,1
E00074294,195,4,1,2,0
E00074295,332,17,6,8,1
E00074296,319,2,7,5,3
E00074297,404,19,16,6,1
E00074298,245,7,0,2,1
E00074299,238,7,5,16,1
E00074300,385,1,2,1,5
E00074301,290,8,19,6,2
E00074302,297,27,32,16,14
E00074303,228,2,12,4,1
E00074304,187,0,2,5,0
E00074306,240,1,23,0,4
E00074307,348,5,5,0,0
E00074308,224,5,10,1,0
E00074309,264,9,4,2,5
E00074310,227,1,27,2,0
E00074311,206,2,2,4,0
E00074312,197,5,7,2,1
E00074313,512,10,46,4,3
E00074314,247,7,5,8,7
E00074315,226,3,15,0,0
E00074316,258,9,3,2,3
E00074317,260,10,8,1,5
E00074318,268,3,5,0,1
E00074319,306,7,11,0,3
E00074320,295,3,14,4,13
E00074321,242,6,26,12,1
E00074322,346,5,12,0,0
E00074323,326,11,8,2,2
E00074324,284,6,2,0,1
E00074325,200,7,4,1,1
E00074326,215,3,5,2,3
E00074327,260,5,0,1,1
E00074328,258,11,1,0,0
E00074329,286,9,18,3,5
E00074330,249,6,16,4,1
E00074331,359,15,127,9,5
E00074332,298,9,10,4,0
E00074333,243,10,63,5,0
E00074334,276,5,3,3,0
E00074335,258,2,13,0,2
E00074336,304,8,12,6,2
E00074337,221,8,10,3,0
E00074338,312,3,16,3,1
E00074339,266,6,11,0,1
E00074340,309,7,9,6,4
E00074341,280,5,6,1,0
E00074342,333,11,2,2,3
E00074343,209,28,8,5,2
E00074344,213,17,2,10,2
E00074345,263,5,1,0,0
E00074346,220,8,10,0,2
E00074347,292,5,4,2,7
E00074348,178,7,12,3,3
E00074349,241,5,8,9,2
E00074350,245,11,8,3,3
E00074351,258,2,2,3,7
E00074352,299,9,9,2,1
E00074353,268,3,3,1,1
E00074354,271,7,17,5,0
E00074355,255,4,21,2,3
E00074356,281,2,7,0,5
E00074357,311,4,14,0,0
E00074358,331,0,6,0,3
E00074359,233,3,7,1,0
E00074360,301,7,9,0,1
E00074361,322,5,9,0,1
E00074362,344,5,9,1,2
E00074363,314,5,1,0,0
E00074364,333,10,2,2,0
E00074365,289,2,4,2,0
E00074366,311,3,1,0,1
E00074367,360,10,3,4,6
E00074368,309,4,1,0,1
E00074369,264,3,4,4,1
E00074370,285,1,0,1,0
E00074371,269,5,0,1,0
E00074372,257,2,5,5,0
E00074373,355,3,5,3,0
E00074374,271,2,0,3,1
E00074375,411,11,2,8,1
E00074376,327,2,0,0,0
E00074377,229,10,5,7,0
E00074378,288,3,3,7,0
E00074379,312,0,2,0,0
E00074380,280,1,1,1,0
E00074381,254,3,2,0,0
E00074382,319,4,0,0,1
E00074383,231,0,4,6,5
E00074384,281,6,2,5,0
E00074385,315,1,6,4,0
E00074386,296,1,6,0,0
E00074387,248,4,1,2,1
E00074388,260,0,0,0,0
E00074389,299,6,0,8,1
E00074390,186,10,5,9,3
E00074391,303,8,2,3,1
E00074392,314,27,1,6,0
E00074393,275,4,0,5,0
E00074394,220,2,1,0,0
E00074395,292,7,1,0,0
E00074396,288,4,1,11,0
E00074397,281,11,6,0,2
E00074398,319,10,0,0,0
E00074399,324,5,10,13,0
E00074400,384,17,15,21,0
E00074401,350,12,10,10,3
E00074402,351,8,5,2,0
E00074403,361,14,5,10,3
E00074404,290,19,12,27,0
E00074405,287,11,29,29,1
E00074406,256,20,10,12,11
E00074407,409,21,19,13,10
E00074408,279,17,28,8,4
E00074411,409,38,28,29,4
E00074412,212,13,12,27,2
E00074413,222,32,11,9,1
E00074414,234,9,23,10,1
E00074415,230,13,7,3,4
E00074416,258,10,43,14,2
E00074417,278,15,26,4,0
E00074418,171,10,33,8,0
E00074419,229,17,26,13,0
E00074420,289,12,22,7,4
E00074421,231,43,18,16,2
E00074422,238,13,8,11,2
E00074423,308,16,12,9,0
E00074424,220,13,8,5,0
E00074425,266,3,7,3,1
E00074426,246,11,7,9,2
E00074427,263,16,17,25,0
E00074428,279,9,4,14,0
E00074429,307,9,8,10,0
E00074430,250,9,52,18,5
E00074431,376,18,25,11,3
E00074432,306,4,10,6,8
E00074433,309,5,7,1,0
E00074434,233,17,2,34,13
E00074435,301,7,3,8,6
E00074436,305,7,25,6,5
E00074437,281,34,11,10,0
E00074438,346,8,5,6,2
E00074439,203,11,5,19,1
E00165771,335,17,29,29,3
E00165772,128,1,3,1,0
E00174039,320,22,110,28,16
E00174041,90,3,25,11,5
E00174043,282,15,74,19,7
E00174044,121,18,16,104,9
E00174046,208,13,17,6,5
E00174047,129,11,136,16,4
E00174049,171,14,38,5,9
E00174050,107,2,125,10,5
E00174052,130,15,13,46,5
E00174053,62,39,21,131,16
E00174055,487,9,26,17,3
E00174057,123,13,138,39,18
E00174058,138,16,4,105,5
E00174214,128,19,14,59,1
E00174215,106,39,21,87,3
E00174217,41,6,92,8,9
E00174218,141,4,22,8,0
E00174220,291,16,137,17,7
E00174221,105,5,20,3,3
E00174223,101,2,0,3,3
E00174225,120,13,14,12,0
E00174226,183,16,67,52,3
E00174228,180,21,55,89,3
E00174229,260,14,23,24,4
E00174231,133,16,36,3,14
E00174232,147,20,9,17,3
E00174234,187,29,31,35,4
E00174235,200,7,38,12,0
E00174237,216,18,33,14,7
E00174239,35,4,34,51,0
E00174240,203,1,4,1,3
E00174242,197,15,19,8,2
E00174243,118,4,24,9,10
E00174245,181,10,1,6,1
E00174246,163,18,25,22,0
E00174248,147,16,9,38,3
E00174249,116,10,18,18,5
E00174251,251,23,26,70,2
E00174253,112,12,11,52,10
E00174254,151,10,28,69,0
E00174256,175,2,11,1,0
E00174257,191,11,21,14,3
E00174259,259,6,17,10,3
E00174260,36,18,83,73,6
E00174262,184,12,23,17,1
E00174263,123,3,19,5,2
E00174273,75,3,42,127,9
E00174274,93,7,18,6,9
E00174275,142,4,12,6,3
E00174276,169,11,12,2,1
E00174277,140,19,11,5,1
E00174278,351,10,21,5,9
E00174279,154,9,25,20,12
E00174280,173,3,19,27,6
E00174281,183,18,9,32,0
E00174282,121,26,15,29,9
E00174283,112,3,3,15,0
E00174284,145,12,21,31,3
E00174285,206,4,24,15,2
E00174286,231,15,7,4,0
E00174287,100,4,6,13,3
E00174288,199,18,14,31,1
E00174289,219,8,9,32,0
E00174290,89,14,27,166,10
E00174291,268,9,6,11,1
E00174292,198,19,14,6,0
E00174293,205,3,28,5,3
E00174294,187,7,24,3,4
E00174295,416,24,71,21,7
E00174296,131,6,17,14,11
E00174297,144,11,36,21,5
E00174298,124,9,32,26,4
E00174299,124,18,8,15,4
E00174300,235,13,20,17,2
E00174301,81,11,2,41,0
E00174302,95,4,10,4,0
E00174303,115,12,6,1,0
E00174304,152,7,8,7,1
E00174305,35,11,26,78,12
E00174306,203,25,10,45,0
E00174307,289,14,244,13,5
E00174308,90,6,0,8,0
E00174309,163,1,16,6,1
E00174310,158,2,6,3,0
E00174311,157,5,4,2,0
E00174312,192,13,14,6,4
E00174313,148,4,16,4,0
E00174314,178,5,4,10,0
E00174315,210,18,16,18,0
E00174316,163,14,40,12,3
E00174317,209,10,27,7,0
E00174318,127,0,1,0,0
E00174319,73,10,5,105,2
E00174320,135,19,27,71,1
E00174321,423,21,78,68,17
E00174322,54,16,7,112,7
E00174323,511,32,29,27,2
E00174324,116,10,6,15,6
E00174325,155,13,21,15,9
E00174326,125,57,72,132,9
E00174327,179,13,25,34,17
E00174328,205,18,17,8,1
E00174329,229,34,30,39,4
E00174330,1603,64,156,26,13
E00174331,104,0,0,0,0
E00174332,240,9,10,6,5
E00174333,200,9,17,9,0
E00074440,315,0,9,4,0
E00074441,319,2,4,0,0
E00074442,359,19,10,4,0
E00074443,261,1,1,1,0
E00074444,459,10,1,2,0
E00074445,282,4,1,2,4
E00074446,276,7,1,0,0
E00074447,281,5,0,3,0
E00074448,293,4,1,0,0
E00074449,350,1,6,0,0
E00074450,268,0,1,0,0
E00074451,282,2,1,1,0
E00074452,271,1,0,0,1
E00074453,310,5,0,0,2
E00074454,347,0,2,0,0
E00074455,266,4,5,0,2
E00074456,383,4,3,3,0
E00074457,320,2,0,0,0
E00074458,262,0,0,0,2
E00074459,197,1,0,0,0
E00074460,224,1,1,0,0
E00074461,287,1,1,0,0
E00074462,270,11,4,1,0
E00074463,399,5,2,0,0
E00074464,268,0,1,0,3
E00074465,314,3,3,0,0
E00074466,358,1,0,0,0
E00074467,293,4,0,0,2
E00074468,192,0,0,0,0
E00074469,198,3,1,1,1
E00074470,303,1,0,1,0
E00074471,277,1,1,0,0
E00074472,203,3,1,0,0
E00074473,329,4,74,2,1
E00074474,279,4,2,3,0
E00074475,171,0,0,0,0
E00074476,268,1,0,0,1
E00074477,466,2,0,1,4
E00074478,265,1,0,0,0
E00074479,237,2,0,0,0
E00074480,260,0,0,0,0
E00074481,306,0,0,1,0
E00074482,269,3,4,0,2
E00074483,314,6,0,2,0
E00074484,262,1,0,4,0
E00074485,336,7,4,0,0
E00074489,113,2,0,0,0
E00074490,291,2,2,3,0
E00074491,205,0,1,0,0
E00074492,313,7,1,2,0
E00074493,172,2,0,0,0
E00074494,235,1,0,0,1
E00074495,221,6,0,0,0
E00074496,252,2,4,0,0
E00074497,304,2,2,0,0
E00074498,339,4,2,2,1
E00074499,301,1,11,0,0
E00074500,397,2,8,1,1
E00074501,308,1,0,0,0
E00074502,281,6,3,0,0
E00074503,251,5,8,0,0
E00074504,348,2,3,0,1
E00074505,352,5,4,2,1
E00074506,389,4,4,2,0
E00074507,306,0,0,0,0
E00074508,222,3,1,0,0
E00074509,408,7,8,0,0
E00074510,270,1,1,1,0
E00074511,293,0,2,1,1
E00074512,332,4,6,0,0
E00074513,299,3,2,1,0
E00074514,358,0,1,2,0
E00074515,297,2,5,0,0
E00074516,280,2,11,0,0
E00074517,271,4,1,4,0
E00074518,260,1,0,0,0
E00074519,274,5,0,0,0
E00074520,309,1,8,0,0
E00074521,299,3,0,0,1
E00074522,308,0,1,1,0
E00074523,308,2,1,0,0
E00074524,252,0,2,2,0
E00074525,248,0,0,1,0
E00074526,221,1,1,0,0
E00074527,227,2,1,1,0
E00074528,215,1,1,0,0
E00074529,296,2,0,0,0
E00074530,240,3,0,0,1
E00074531,243,2,8,1,1
E00074532,360,3,8,1,0
E00074533,183,0,2,1,0
E00074534,259,0,0,0,0
E00074535,306,2,1,0,0
E00074536,269,0,10,0,0
E00074537,309,4,1,0,0
E00074538,308,2,0,0,0
E00074539,300,0,9,1,0
E00074540,275,2,5,0,1
E00074541,314,0,2,1,0
E00074542,285,0,0,0,0
E00074543,205,3,11,4,0
E00074544,198,2,6,1,0
E00074545,299,0,2,1,0
E00074546,321,1,6,0,1
E00074547,380,0,0,1,0
E00074548,292,9,1,0,0
E00074549,292,0,2,0,0
E00074550,337,0,1,3,0
E00074551,297,1,0,0,0
E00074552,233,0,0,0,0
E00074553,269,0,0,0,0
E00074554,268,3,0,0,0
E00074555,233,3,4,2,0
E00074556,284,2,1,0,0
E00074557,267,2,0,0,0
E00074558,317,6,1,1,0
E00074559,296,2,4,0,0
E00074560,297,0,0,0,0
E00074561,279,2,0,0,0
E00074562,251,0,0,1,0
E00074563,245,1,2,0,0
E00074564,294,2,1,0,0
E00074565,297,3,0,0,0
E00074566,297,3,1,0,0
E00074567,310,7,1,0,1
E00074568,236,0,2,0,0
E00074569,318,2,1,1,1
E00074570,289,2,1,0,0
E00074571,281,0,6,0,0
E00074572,260,1,6,0,0
E00074573,301,1,9,0,0
E00074574,345,1,0,0,1
E00074575,259,4,8,0,5
E00074576,319,5,1,1,1
E00074577,351,4,7,1,0
E00074578,299,1,0,0,0
E00074579,316,1,2,0,0
E00074580,134,0,0,0,0
E00074581,312,4,2,0,3
E00074582,268,4,4,0,1
E00074583,315,1,4,0,1
E00074584,288,3,1,0,0
E00074585,256,4,3,0,0
E00074586,260,2,0,1,2
E00074587,307,5,3,0,0
E00074588,367,8,1,1,0
E00074589,257,2,5,0,0
E00074590,157,0,0,0,1
E00074591,305,1,1,0,2
E00074592,324,0,3,2,1
E00074593,283,2,0,0,1
E00074594,364,9,5,0,0
E00074595,183,0,4,1,0
E00074596,181,10,7,0,4
E00074597,158,4,0,0,1
E00074598,340,5,3,0,0
E00074600,277,2,0,0,0
E00074601,265,4,1,1,0
E00074602,314,8,0,3,0
E00074603,246,4,1,0,0
E00074604,329,3,0,2,0
E00074605,273,0,0,0,0
E00074606,299,2,0,0,0
E00074607,349,1,0,0,0
E00074608,275,2,1,0,0
E00074609,179,0,0,0,0
E00074610,270,1,1,0,0
E00074611,238,1,0,2,0
E00074612,307,0,2,0,0
E00074613,302,0,0,0,0
E00074614,284,3,5,0,1
E00074615,295,0,5,0,0
E00074616,242,1,6,0,0
E00074617,372,8,8,0,2
E00074618,243,0,0,0,0
E00074619,255,0,0,0,0
E00074620,286,1,1,0,0
E00074622,293,1,1,0,0
E00074623,330,0,11,0,0
E00074624,296,0,0,0,0
E00074625,316,2,1,0,0
E00074626,190,0,0,0,0
E00074627,293,2,1,3,1
E00074629,247,0,0,0,6
E00074630,300,2,4,1,0
E00074631,490,11,3,6,1
E00074633,353,5,0,1,0
E00074634,362,1,0,0,0
E00074635,164,0,0,0,0
E00074636,326,8,4,2,1
E00074637,450,6,5,2,0
E00074638,325,6,17,0,0
E00074639,306,0,0,1,0
E00074640,275,0,0,0,1
E00074641,273,2,1,0,0
E00074642,298,3,0,1,0
E00074643,330,2,6,0,0
E00074644,354,0,1,0,0
E00074645,315,2,6,0,0
E00074646,294,4,0,1,0
E00074647,350,1,0,7,0
E00074648,300,1,2,1,0
E00074649,310,0,1,0,0
E00074650,322,1,8,0,0
E00074651,318,4,1,1,2
E00074652,286,2,5,0,0
E00074653,358,0,0,1,1
E00074654,278,6,6,1,0
E00074655,301,1,10,0,4
E00074656,258,0,3,0,0
E00074657,308,0,0,0,0
E00074658,290,3,9,0,0
E00074659,354,4,1,0,0
E00074660,288,0,7,0,0
E00074661,311,5,2,1,0
E00074662,288,0,0,0,0
E00074663,312,3,5,0,0
E00074664,310,0,2,0,0
E00074665,181,0,0,0,0
E00074666,263,1,0,0,0
E00074667,271,1,0,0,0
E00074668,169,2,7,4,0
E00074669,283,2,8,1,0
E00074670,281,0,5,1,0
E00074671,285,3,3,0,0
E00074672,257,0,0,0,0
E00074673,221,1,0,0,0
E00074674,241,4,0,0,0
E00074675,183,1,12,1,0
E00074676,306,4,0,0,0
E00074677,225,1,1,0,0
E00074678,232,0,2,3,0
E00074679,264,5,3,1,0
E00074680,219,3,0,0,0
E00074681,310,0,10,0,0
E00074682,317,5,1,2,0
E00074683,213,0,0,0,0
E00074684,229,0,4,0,0
E00074685,336,4,3,0,1
E00074686,240,3,0,0,0
E00074687,152,1,6,0,0
E00074688,261,4,0,0,0
E00074689,269,3,1,0,0
E00074690,276,2,8,0,0
E00074691,284,1,0,0,0
E00074692,234,5,6,0,0
E00074693,273,2,2,1,1
E00074694,482,14,16,1,1
E00074695,252,1,0,1,0
E00074696,242,3,3,1,0
E00074697,253,3,3,0,1
E00074698,348,0,5,0,0
E00074699,274,2,5,0,0
E00074700,247,0,5,0,1
E00074701,272,5,0,0,2
E00074702,247,2,2,1,1
E00074703,273,3,0,0,2
E00074704,270,0,1,1,0
E00074705,231,4,3,0,0
E00074706,328,4,3,0,5
E00074707,202,0,0,0,0
E00074708,268,2,2,0,0
E00074709,176,3,1,0,0
E00074711,243,6,3,0,1
E00074712,300,1,7,0,0
E00074713,320,5,8,1,4
E00074714,274,8,1,2,0
E00074715,211,1,1,0,0
E00074716,232,1,3,0,0
E00074717,343,0,0,0,0
E00074718,250,1,4,0,0
E00074719,260,2,1,0,0
E00074720,318,3,0,1,0
E00074721,588,15,4,2,0
E00074722,479,9,11,1,1
E00074723,227,0,5,0,0
E00074724,268,2,2,0,0
E00074725,264,4,0,0,0
E00074726,287,7,2,0,0
E00074728,349,1,2,3,0
E00074729,369,0,4,2,0
E00074730,283,5,3,0,1
E00074731,285,0,0,0,1
E00074732,359,5,3,0,0
E00074733,288,0,2,0,0
E00074734,254,5,1,1,0
E00074735,317,2,2,1,1
E00074736,359,2,5,0,0
E00074737,260,4,3,1,3
E00074738,325,0,0,0,0
E00074739,429,3,4,2,1
E00074740,222,0,0,0,0
E00074741,283,3,5,0,0
E00074742,241,0,1,2,0
E00074743,285,1,0,0,0
E00074744,247,0,9,0,0
E00074745,263,1,8,0,8
E00074746,260,5,9,0,0
E00074747,211,5,2,4,3
E00074748,319,2,0,0,3
E00074749,291,1,0,0,0
E00074750,319,1,11,0,0
E00074751,276,2,3,0,0
E00074752,262,5,0,1,0
E00074753,376,1,0,1,0
E00074754,296,0,2,0,0
E00074755,264,8,0,0,0
E00074756,362,7,0,0,1
E00074757,288,3,5,0,0
E00074758,229,2,0,0,1
E00074759,257,2,1,0,0
E00074760,263,3,4,3,0
E00074761,272,1,0,0,0
E00074762,311,10,1,0,1
E00074763,284,0,0,0,0
E00074764,219,9,16,3,3
E00074765,199,2,9,0,8
E00074766,225,4,10,7,0
E00074767,258,10,16,8,1
E00074768,226,6,15,0,2
E00074769,268,9,15,7,0
E00074770,170,8,38,5,0
E00074771,223,3,10,8,0
E00074772,238,4,7,3,2
E00074773,143,2,5,0,0
E00074774,255,6,6,4,4
E00074775,177,4,19,0,0
E00074776,307,1,0,4,2
E00074777,205,1,12,0,0
E00074778,194,0,3,0,3
E00074779,373,7,7,1,1
E00074780,300,1,8,3,1
E00074781,265,5,12,10,1
E00074782,210,1,20,2,0
E00074783,252,9,12,0,2
E00074784,212,1,5,3,0
E00074785,233,6,7,1,1
E00074786,269,5,11,0,0
E00074787,277,8,10,7,7
E00074788,225,2,0,0,0
E00074789,337,1,3,0,0
E00074790,246,4,2,0,0
E00074791,202,1,0,0,0
E00074792,246,2,6,0,0
E00074793,249,0,5,0,2
E00074794,239,3,2,1,0
E00074795,256,0,8,2,0
E00074796,301,2,14,1,0
E00074797,329,6,7,7,5
E00074798,504,1,1,6,1
E00074799,238,9,4,1,0
E00074800,287,7,5,10,0
E00074801,278,4,0,0,0
E00074802,237,0,5,2,0
E00074803,211,0,7,0,1
E00074804,280,2,3,1,8
E00074805,236,9,3,9,0
E00074806,213,3,3,4,1
E00074807,252,1,0,0,0
E00074808,280,1,1,0,0
E00074809,292,5,5,0,0
E00074810,221,1,1,2,13
E00074811,279,1,2,1,0
E00074812,250,0,10,0,0
E00074813,237,5,6,5,0
E00074814,301,1,4,0,0
E00074815,265,0,4,0,0
E00074816,301,2,0,0,0
E00074817,274,1,5,0,0
E00074818,292,3,1,4,1
E00074819,320,6,27,4,0
E00074820,275,1,4,3,1
E00074821,327,4,24,9,3
E00074823,326,6,1,0,0
E00074824,273,4,4,0,0
E00074825,268,2,14,1,0
E00074826,330,2,11,0,3
E00074827,119,0,0,0,0
E00074828,330,5,0,2,1
E00074829,255,1,9,0,1
E00074830,238,1,1,0,0
E00074831,230,0,0,0,0
E00074832,256,2,0,0,0
E00074833,283,3,0,0,0
E00074834,319,1,2,0,0
E00074835,289,0,6,0,4
E00074836,207,0,0,0,0
E00074837,287,1,1,0,1
E00074838,294,6,8,0,1
E00074839,246,1,5,0,0
E00074840,279,6,4,0,0
E00074841,205,2,4,0,0
E00074842,290,3,1,0,1
E00074843,190,0,0,0,0
E00074844,235,4,7,1,1
E00074845,311,3,5,0,0
E00074846,239,0,4,1,1
E00074847,390,5,5,1,0
E00074848,233,4,1,0,1
E00074849,199,6,2,0,0
E00074850,364,5,10,0,1
E00074851,218,3,14,1,0
E00074852,297,3,2,0,0
E00074853,159,1,7,0,1
E00074854,304,2,0,1,1
E00074855,263,3,1,0,0
E00074856,286,4,2,2,1
E00074857,293,0,4,0,0
E00074858,205,1,0,0,0
E00074859,270,0,1,0,0
E00074860,300,1,0,0,0
E00074861,232,1,7,1,0
E00074862,260,3,6,1,0
E00074863,272,0,0,0,2
E00074864,242,0,1,3,0
E00074865,236,4,3,5,0
E00074866,287,6,2,1,0
E00074867,295,2,2,0,4
E00074868,171,0,0,0,0
E00074869,228,0,1,0,0
E00074870,226,1,0,0,0
E00074871,211,0,2,0,1
E00074872,269,2,0,2,0
E00074873,218,1,1,1,0
E00074874,265,1,0,0,0
E00074875,211,3,1,1,0
E00074876,283,0,4,0,0
E00074877,251,2,1,0,0
E00074878,255,2,8,1,0
E00074879,245,3,0,0,2
E00074880,247,1,2,0,1
E00074881,267,4,0,0,0
E00074882,273,5,4,0,0
E00074883,294,0,0,0,0
E00074884,284,1,0,0,3
E00074885,276,3,5,0,1
E00074886,310,2,1,1,2
E00074887,257,4,2,0,0
E00074888,323,2,2,0,0
E00074889,328,2,1,0,1
E00074890,334,4,5,0,0
E00074891,315,4,0,3,1
E00074892,254,4,1,1,1
E00074893,251,2,7,0,1
E00074894,410,3,1,0,0
E00074895,304,2,4,1,2
E00074896,318,3,2,0,0
E00074897,328,0,10,0,0
E00074898,457,2,2,0,0
E00074899,354,0,4,0,0
E00074900,341,1,0,0,2
E00074901,288,6,0,0,0
E00074902,229,1,1,1,0
E00074903,334,9,0,0,0
E00074904,270,2,0,1,1
E00074905,277,1,2,0,0
E00074906,280,1,6,0,0
E00074907,282,1,0,1,0
E00074908,222,3,4,3,2
E00074909,239,1,0,1,0
E00074910,313,3,5,0,0
E00074911,285,8,1,0,1
E00074912,309,2,2,1,0
E00074913,331,2,0,1,1
E00074914,254,2,0,0,0
E00074915,341,4,2,3,0
E00074916,292,3,0,3,0
E00074917,306,3,0,0,0
E00074918,249,3,0,1,1
E00074919,320,6,5,1,0
E00074920,261,1,3,4,0
E00074921,221,4,19,3,1
E00074922,216,2,3,0,0
E00074923,276,3,4,0,0
E00074924,331,12,9,0,0
E00074925,203,1,1,0,0
E00074926,335,7,11,1,0
E00074927,302,13,14,1,0
E00074928,287,12,10,8,2
E00074929,352,8,0,1,0
E00074930,270,5,7,2,1
E00074932,189,7,5,0,0
E00074933,240,9,9,3,0
E00074934,241,7,0,1,0
E00074935,231,4,4,0,0
E00074936,261,6,5,0,1
E00074937,256,9,0,1,1
E00074938,337,4,1,0,1
E00074939,294,2,1,1,0
E00074940,278,4,0,0,0
E00074941,242,6,5,1,0
E00074942,322,5,0,2,0
E00074943,246,1,5,2,0
E00074944,342,12,8,1,0
E00074945,262,0,4,0,0
E00074946,215,5,2,0,0
E00074947,221,6,4,0,0
E00074948,304,5,8,0,0
E00074949,290,3,6,3,1
E00074950,255,1,8,5,0
E00074951,268,5,14,1,0
E00074952,265,7,36,3,0
E00074953,283,5,12,0,1
E00074954,263,5,0,0,4
E00074956,473,1,8,7,3
E00074957,274,2,1,0,0
E00074958,265,3,0,6,1
E00074959,358,3,4,2,1
E00074960,312,0,10,1,0
E00074961,234,2,0,1,0
E00074962,226,1,5,0,0
E00074963,322,3,5,6,1
E00074964,291,1,6,3,3
E00074965,272,1,0,0,0
E00074966,296,4,8,10,2
E00074967,226,1,1,0,0
E00074969,217,0,0,2,0
E00074970,260,1,0,4,0
E00074971,265,2,8,0,0
E00074972,334,4,1,1,0
E00074973,285,0,0,1,0
E00074974,275,0,1,1,0
E00074975,298,2,5,1,0
E00074976,234,2,0,0,0
E00074977,232,2,6,0,0
E00074978,281,7,9,1,0
E00074979,256,2,7,6,0
E00074980,313,2,9,3,0
E00074981,224,4,3,1,0
E00074982,327,3,9,0,0
E00074983,326,1,8,0,0
E00074984,270,2,7,0,0
E00074985,199,2,0,1,0
E00074986,250,1,5,1,1
E00074988,216,1,3,0,0
E00074989,323,3,0,1,1
E00074990,258,2,3,2,0
E00074991,303,4,2,4,0
E00074992,315,2,0,1,0
E00074993,157,1,8,1,0
E00074994,352,8,0,2,0
E00074995,227,0,0,0,0
E00074996,288,2,4,5,1
E00074997,249,7,0,1,1
E00074998,218,1,10,1,5
E00074999,261,4,2,9,0
E00075000,197,1,6,0,0
E00075001,267,3,2,2,0
E00075002,270,4,1,2,2
E00075003,223,4,0,0,1
E00075004,104,1,0,1,0
E00075005,286,1,1,1,2
E00075006,211,4,2,3,1
E00075007,240,1,1,0,0
E00075008,224,4,0,4,0
E00075009,261,0,2,0,1
E00075010,194,5,2,3,0
E00075011,275,2,2,7,1
E00075012,245,5,4,4,4
E00075013,283,2,6,0,1
E00075014,234,2,16,0,0
E00075015,326,6,5,0,2
E00075016,166,5,2,0,0
E00075017,295,2,4,0,0
E00075018,263,8,12,4,0
E00075019,266,5,2,0,0
E00075020,263,3,2,0,1
E00075021,351,0,0,0,0
E00075022,316,2,2,0,1
E00075023,279,1,1,0,0
E00075024,315,0,0,1,0
E00075025,551,1,2,0,3
E00075026,326,0,0,0,1
E00075027,242,3,12,1,0
E00075028,234,1,0,2,0
E00075029,259,5,7,0,0
E00075030,402,5,2,0,0
E00075031,339,1,10,1,0
E00075032,281,4,3,0,0
E00075033,264,3,2,0,0
E00075034,297,4,0,1,0
E00075035,241,9,1,0,0
E00075036,439,9,16,1,1
E00075037,327,5,5,1,1
E00075038,301,5,0,2,0
E00075039,323,2,1,0,0
E00075041,440,3,8,0,0
E00075042,358,5,5,0,5
E00075043,355,4,0,0,0
E00075044,274,5,8,3,0
E00075045,339,0,9,0,0
E00075046,332,8,2,1,0
E00075047,263,2,3,0,0
E00075048,321,0,0,0,0
E00075049,217,1,0,0,0
E00075050,194,3,0,0,1
E00075051,308,4,1,0,0
E00075052,400,4,3,0,0
E00075053,306,3,1,2,0
E00075054,242,2,1,0,0
E00075055,141,1,0,0,0
E00075056,305,1,0,1,1
E00075057,263,7,3,3,0
E00075058,295,5,1,0,0
E00075059,273,0,0,0,0
E00075060,226,0,1,0,0
E00075061,181,0,0,0,0
E00075062,194,0,0,0,0
E00075063,290,2,7,0,1
E00075064,425,4,1,1,0
E00075065,387,0,0,0,1
E00075066,479,9,6,1,0
E00075067,328,4,1,0,0
E00075068,347,4,9,0,1
E00075069,259,4,6,0,0
E00075070,309,5,1,0,0
E00075071,309,0,8,0,0
E00075072,296,4,1,0,0
E00075073,348,2,2,0,1
E00075074,271,0,8,0,0
E00075075,305,4,1,2,0
E00075076,296,4,2,0,0
E00075077,302,3,0,1,1
E00075078,278,10,1,1,0
E00075079,238,1,1,2,4
E00075080,348,0,0,1,0
E00075081,253,5,1,0,1
E00075082,330,1,4,0,0
E00075083,321,0,1,0,0
E00075084,293,0,0,0,1
E00075085,361,3,8,0,1
E00075086,268,3,4,0,0
E00075087,286,4,0,0,0
E00075088,279,6,2,0,5
E00075089,272,6,2,0,2
E00166226,312,7,0,0,0
E00166227,197,3,3,1,1
E00166229,243,7,8,3,0
E00166231,269,3,2,1,0
E00166232,222,0,1,0,0
E00166234,252,3,2,0,0
E00166235,268,2,0,0,1
E00166237,300,0,7,7,0
E00166239,264,2,4,3,0
E00166240,268,1,3,0,0
E00166242,269,5,0,0,1
E00166244,225,1,0,2,3
E00166245,267,3,4,0,0
E00166247,302,3,2,4,4
E00166248,251,4,2,0,0
E00166250,203,2,13,3,0
E00166252,301,1,5,0,4
E00166253,304,0,5,0,1
E00166255,349,5,1,0,0
E00166257,315,1,6,4,1
E00166258,335,1,7,5,0
E00166259,357,8,3,0,1
E00166260,247,9,0,2,5
E00166261,262,0,1,0,0
E00166262,236,11,1,0,0
E00166263,324,4,3,5,1
E00166264,326,8,3,0,2
E00166265,269,2,4,0,1
E00166266,372,4,1,3,0
E00166267,259,3,10,2,1
E00166268,205,3,0,0,0
E00166269,292,6,1,0,0
E00166270,311,0,6,0,2
E00166271,275,1,2,0,0
E00166272,230,2,2,1,0
E00166273,140,2,8,0,0
E00166274,139,1,0,3,0
E00166275,188,1,0,0,0
E00166276,123,0,0,1,0
E00166277,130,3,0,0,3
E00166278,289,0,0,0,0
E00166279,226,7,11,0,3
E00166280,259,3,12,2,2
E00166281,325,6,3,2,0
E00166282,166,4,0,0,0
E00166283,300,5,1,0,0
E00166284,319,4,5,1,0
E00166285,343,1,3,0,1
E00166286,194,9,6,0,1
E00166287,342,0,3,8,0
E00166288,332,4,1,1,0
E00166289,301,9,0,1,0
E00166290,298,3,8,0,0
E00166291,290,5,5,1,8
E00166292,301,15,4,3,0
E00166293,228,4,5,0,0
E00166294,245,1,11,0,0
E00166295,300,3,1,0,0
E00166296,311,12,8,0,0
E00166297,329,8,6,0,1
E00166298,181,4,1,0,1
E00166299,321,6,6,0,0
E00166300,316,1,0,0,1
E00166301,268,6,3,0,0
E00166302,353,6,3,1,3
E00166303,204,3,1,0,1
E00166304,249,7,7,0,1
E00166305,291,1,4,0,0
E00166306,246,6,5,0,1
E00166307,181,3,0,1,1
E00075090,538,11,26,14,1
E00075091,311,4,7,2,0
E00075093,348,6,7,0,0
E00075095,393,4,3,2,0
E00075096,340,1,1,2,5
E00075097,322,2,12,0,1
E00075098,323,0,0,0,0
E00075099,327,0,0,0,0
E00075100,293,0,3,4,0
E00075101,280,2,5,0,1
E00075102,293,0,0,0,0
E00075103,289,5,3,0,0
E00075104,299,4,2,2,1
E00075105,305,0,1,4,1
E00075106,282,3,1,0,1
E00075107,296,1,0,2,2
E00075108,329,4,2,1,1
E00075109,261,3,0,0,0
E00075110,265,0,1,0,1
E00075111,446,3,1,0,0
E00075112,215,4,0,0,0
E00075113,267,4,1,1,0
E00075114,288,0,3,1,0
E00075115,232,0,0,0,0
E00075116,343,2,3,0,0
E00075117,268,4,0,0,0
E00075118,254,4,1,0,0
E00075119,375,3,10,0,0
E00075120,350,1,7,3,0
E00075121,392,14,9,0,0
E00075122,219,0,2,0,0
E00075123,316,1,2,1,0
E00075124,296,0,0,0,0
E00075125,430,3,0,1,4
E00075126,286,2,1,0,0
E00075127,268,4,0,1,2
E00075128,387,5,2,0,1
E00075129,306,7,4,0,2
E00075130,280,3,1,5,0
E00075131,241,5,2,3,0
E00075132,355,0,0,1,2
E00075133,214,0,2,0,0
E00075134,327,3,4,0,1
E00075135,396,22,4,18,3
E00075136,314,0,4,0,0
E00075137,328,4,3,1,0
E00075138,346,5,6,1,0
E00075139,335,0,1,0,0
E00075140,272,1,0,1,0
E00075141,343,2,7,1,0
E00075142,281,0,0,0,0
E00075143,309,6,11,3,0
E00075144,415,0,0,0,1
E00075145,245,4,5,2,3
E00075146,279,3,28,6,7
E00075147,373,10,16,8,0
E00075148,208,3,2,0,1
E00075149,403,4,29,6,1
E00075150,265,1,20,0,3
E00075151,262,3,23,8,1
E00075152,259,9,27,8,2
E00075153,198,6,8,4,0
E00075154,199,2,8,1,5
E00075155,275,11,11,1,0
E00075156,289,12,10,3,0
E00075157,355,10,3,4,1
E00075158,333,2,17,11,0
E00075159,255,1,20,6,0
E00075160,358,17,11,3,4
E00075161,329,6,18,0,5
E00075162,276,9,44,10,3
E00075163,326,2,27,7,7
E00075164,217,4,18,1,0
E00075165,294,3,36,0,0
E00075166,301,5,25,2,1
E00075167,180,4,10,5,2
E00075168,324,8,16,12,3
E00075169,164,15,22,5,2
E00075170,340,8,16,7,5
E00075171,285,9,30,0,0
E00075172,243,7,33,4,7
E00075173,204,8,25,2,5
E00075174,156,3,11,7,1
E00075175,307,6,6,6,2
E00075176,219,1,0,0,1
E00075177,441,11,96,0,1
E00075178,247,5,5,0,0
E00075179,207,9,90,3,4
E00075180,241,11,20,7,6
E00075181,221,4,64,8,13
E00075182,212,9,22,3,8
E00075183,262,2,21,9,9
E00075184,287,7,43,0,1
E00075185,106,5,75,2,0
E00075186,227,7,23,19,12
E00075187,291,10,24,1,10
E00075188,336,4,27,1,2
E00075189,300,7,30,5,0
E00075190,354,9,43,11,2
E00075191,395,2,17,3,1
E00075193,330,4,7,0,0
E00075194,289,4,13,4,2
E00075195,223,4,19,1,5
E00075196,296,6,17,8,0
E00075198,236,4,26,3,4
E00075199,350,8,38,5,14
E00075200,300,18,9,2,1
E00075201,196,0,33,9,3
E00075202,518,17,21,3,3
E00075203,297,16,19,8,0
E00075204,257,3,25,2,2
E00075205,361,5,10,0,1
E00075206,283,0,0,2,0
E00075207,275,0,9,0,0
E00075208,345,3,2,0,0
E00075209,320,2,0,0,1
E00075210,315,3,3,0,0
E00075211,167,0,1,0,0
E00075212,160,3,0,0,0
E00075213,336,1,1,0,1
E00075214,303,0,2,0,0
E00075216,362,0,1,4,0
E00075217,147,0,0,0,0
E00075218,328,0,4,1,0
E00075219,305,0,2,0,0
E00075220,269,0,0,0,0
E00075221,292,1,10,0,0
E00075222,300,0,0,0,0
E00075223,320,0,4,0,0
E00075224,278,5,2,0,0
E00075225,339,2,5,0,0
E00075226,255,7,1,1,0
E00075227,285,0,3,0,0
E00075228,261,2,4,0,0
E00075229,239,5,9,0,0
E00075230,328,3,0,0,2
E00075231,279,1,0,0,0
E00075232,234,2,3,0,1
E00075233,294,3,7,1,0
E00075234,227,2,5,0,1
E00075235,256,5,0,1,0
E00075236,290,0,0,0,0
E00075237,196,1,1,1,0
E00075238,262,2,0,1,0
E00075239,269,3,0,0,0
E00075240,363,3,3,1,0
E00075241,271,0,0,0,0
E00075242,347,1,5,0,3
E00075243,271,3,1,0,0
E00075244,267,3,1,0,1
E00075245,369,0,2,2,3
E00075246,340,0,0,0,0
E00075247,352,2,0,0,1
E00075248,105,4,4,0,0
E00075249,316,3,1,0,0
E00075250,341,0,0,0,0
E00075251,344,2,2,0,0
E00075252,358,8,10,0,0
E00075253,342,2,1,1,0
E00075254,336,0,4,0,0
E00075255,311,3,6,0,0
E00075256,305,6,1,4,0
E00075257,322,2,1,0,0
E00075258,375,9,8,5,0
E00075259,334,2,4,8,0
E00075260,357,4,1,0,0
E00075261,376,2,3,0,0
E00075262,285,4,3,0,2
E00075263,348,0,1,0,0
E00075264,319,1,2,1,0
E00075265,296,4,1,0,0
E00075266,312,5,9,2,1
E00075267,325,3,2,1,0
E00075268,318,1,1,0,0
E00075269,249,0,7,0,0
E00075270,181,0,2,0,0
E00075271,229,3,7,0,0
E00075272,373,5,10,3,1
E00075273,372,3,13,0,0
E00075274,230,2,5,7,0
E00075275,215,0,0,0,0
E00075276,267,2,15,0,0
E00075277,266,7,9,7,2
E00075278,473,2,11,6,6
E00075279,335,3,1,2,0
E00075280,338,3,7,6,0
E00075281,250,11,10,11,7
E00075282,277,1,7,9,0
E00075283,339,6,6,2,6
E00075284,263,1,27,6,6
E00075285,292,2,9,4,5
E00075286,271,2,10,1,7
E00075287,384,2,22,0,1
E00075288,379,17,12,7,9
E00075289,284,3,2,1,5
E00075290,311,6,7,0,0
E00075291,318,5,11,3,0
E00075292,291,0,9,6,1
E00075293,300,2,3,0,0
E00075294,308,6,6,7,6
E00075295,320,2,5,3,0
E00075296,266,0,18,1,0
E00075297,313,4,3,5,0
E00075298,304,3,0,7,0
E00075299,255,5,4,1,0
E00075300,378,3,28,7,4
E00075301,301,3,5,1,1
E00075302,312,3,0,0,0
E00075303,279,0,10,3,0
E00075304,330,4,6,1,0
E00075305,353,2,6,2,0
E00075306,200,3,0,1,0
E00075307,195,1,12,3,0
E00075308,311,3,14,8,0
E00075309,274,6,8,3,1
E00075310,304,9,31,11,0
E00075311,285,10,14,6,0
E00075312,292,3,16,4,1
E00075313,279,14,14,2,1
E00075314,311,5,9,4,3
E00075315,267,6,15,11,1
E00075316,300,1,26,11,3
E00075317,243,9,31,17,0
E00075318,282,7,27,5,1
E00075319,311,3,27,6,2
E00075320,323,18,25,15,4
E00075321,163,0,0,1,0
E00075322,292,5,42,6,3
E00075323,243,5,28,7,1
E00075324,261,15,37,4,0
E00075325,165,3,10,0,0
E00075326,257,10,31,1,1
E00075327,282,16,57,11,1
E00075328,266,5,32,3,0
E00075329,225,5,17,7,1
E00075330,306,7,7,2,0
E00075331,201,0,6,4,1
E00075332,241,17,39,12,0
E00075333,265,10,25,13,0
E00075334,301,11,28,6,2
E00075335,316,9,16,6,11
E00075336,279,10,36,11,2
E00075337,386,18,56,33,3
E00075338,283,6,31,16,5
E00075339,398,15,54,9,0
E00075340,271,4,42,5,0
E00075341,335,8,2,1,0
E00075342,306,5,1,0,0
E00075343,368,2,6,0,0
E00075344,325,1,0,0,0
E00075345,340,3,0,1,0
E00075346,326,1,0,0,0
E00075347,299,7,3,0,0
E00075348,412,4,1,0,0
E00075349,335,2,0,0,0
E00075350,391,1,6,0,0
E00075351,342,6,2,0,0
E00075352,327,2,1,0,0
E00075353,284,3,2,9,0
E00075354,323,0,0,0,0
E00075355,271,6,2,1,0
E00075356,351,4,1,0,0
E00075357,381,3,7,2,0
E00075358,392,8,16,3,0
E00075359,277,1,0,1,0
E00075360,355,8,2,4,1
E00075361,325,5,0,1,0
E00075362,313,1,11,0,0
E00075363,306,8,12,3,0
E00075364,282,5,2,1,4
E00075365,359,2,2,0,0
E00075366,355,0,5,0,0
E00075367,280,3,0,0,0
E00075368,248,0,1,1,0
E00075369,321,0,1,5,1
E00075370,318,2,4,4,0
E00075371,266,5,1,1,0
E00075372,310,10,3,0,0
E00075373,307,3,13,6,0
E00075374,313,14,2,1,1
E00075375,304,0,3,0,0
E00075376,209,4,3,1,0
E00075377,392,5,11,0,0
E00075378,314,10,5,1,1
E00075379,244,0,8,4,0
E00075380,277,4,5,0,0
E00075381,260,1,0,0,0
E00075382,327,9,17,7,0
E00075383,261,4,1,4,0
E00075384,336,10,5,0,0
E00075385,291,4,4,5,0
E00075386,229,7,3,3,0
E00075387,316,11,2,1,0
E00075388,285,9,13,5,0
E00075389,279,6,1,1,0
E00075390,283,13,5,7,0
E00075391,309,2,4,0,0
E00075392,267,1,0,0,1
E00075393,280,7,0,6,0
E00075394,277,2,4,13,0
E00075395,363,8,4,11,1
E00075396,330,9,12,2,0
E00075397,283,0,0,3,1
E00075398,317,6,1,0,0
E00075399,241,3,1,0,0
E00075400,293,0,8,0,0
E00075401,401,14,12,2,2
E00075402,285,4,6,1,0
E00075403,325,7,10,3,0
E00075404,274,7,18,5,0
E00075405,283,15,1,8,0
E00075406,188,5,5,4,0
E00075407,388,5,0,8,0
E00075408,331,11,2,2,1
E00075409,185,5,3,5,0
E00075410,312,8,11,8,10
E00075411,318,9,3,4,1
E00075412,262,4,12,10,2
E00075413,250,5,0,2,0
E00075414,308,3,3,6,1
E00075415,364,1,1,9,0
E00075416,276,1,10,5,0
E00075417,219,2,2,9,0
E00075418,254,9,4,0,0
E00075419,345,9,19,7,0
E00075420,329,5,10,13,0
E00075421,333,6,10,7,1
E00075422,322,3,0,0,2
E00075423,330,2,1,0,0
E00075424,329,11,2,7,1
E00075425,319,0,2,2,0
E00075426,310,5,7,0,0
E00075427,126,0,0,0,0
E00075428,155,0,4,0,6
E00075429,222,0,0,1,0
E00075430,305,0,1,1,0
E00075431,199,4,4,2,0
E00075432,311,4,0,0,1
E00075433,334,4,1,0,1
E00075434,335,0,0,0,0
E00075435,376,0,1,5,1
E00075436,318,1,0,0,0
E00075437,259,1,0,0,1
E00075438,339,1,2,0,0
E00075439,374,3,1,0,5
E00075440,285,3,0,1,1
E00075441,352,1,5,1,4
E00075442,323,1,1,1,0
E00075443,395,10,3,3,0
E00075444,284,2,0,1,3
E00075445,332,2,1,0,1
E00075446,281,2,2,0,0
E00075447,363,3,3,0,0
E00075448,268,2,1,0,1
E00075449,252,6,4,3,0
E00075450,293,2,8,1,0
E00075451,277,4,2,0,0
E00075452,296,1,0,0,0
E00075453,245,0,1,0,0
E00075454,243,0,0,0,0
E00075455,301,0,0,1,0
E00075456,295,1,1,1,1
E00075457,340,2,1,0,0
E00075458,203,1,1,0,2
E00075459,267,4,1,4,0
E00075460,279,3,2,0,0
E00075461,307,1,4,1,1
E00075462,295,4,1,1,0
E00075463,375,5,1,1,0
E00075464,262,1,5,1,0
E00075465,272,2,0,2,0
E00075466,317,2,4,3,0
E00075467,367,4,7,0,2
E00075468,314,3,3,0,0
E00075469,348,0,0,0,0
E00075470,325,0,0,0,2
E00075471,412,11,2,4,0
E00075472,314,7,0,0,0
E00075473,292,1,0,0,0
E00075474,300,2,0,2,0
E00075475,326,6,0,1,0
E00075476,272,6,1,4,0
E00075477,349,5,0,5,0
E00075478,342,7,2,0,1
E00075479,293,1,1,0,0
E00075480,285,2,1,1,1
E00075481,283,4,4,1,0
E00075482,352,0,5,1,0
E00075483,307,7,0,0,0
E00075484,286,0,2,0,0
E00075485,334,2,1,1,0
E00075486,351,2,0,0,0
E00075487,298,4,6,3,0
E00075488,326,7,1,2,2
E00075489,371,5,6,1,0
E00075490,336,4,0,0,0
E00075491,355,3,1,2,0
E00075492,275,4,1,0,0
E00075493,284,1,4,5,0
E00075494,333,6,1,4,0
E00075495,268,3,12,6,0
E00075496,316,5,4,2,0
E00075497,338,3,11,1,0
E00075498,340,0,0,0,0
E00075499,287,1,1,6,1
E00075500,284,9,5,2,0
E00075501,259,6,0,1,0
E00075502,260,9,7,1,0
E00075503,294,8,6,1,1
E00075504,267,7,1,1,3
E00075505,252,1,1,1,1
E00075506,300,6,0,3,0
E00075507,228,4,1,0,1
E00075508,339,2,1,0,0
E00075509,418,6,0,8,0
E00075510,324,2,5,1,0
E00075511,427,0,6,3,0
E00075512,252,13,16,9,2
E00075513,221,5,2,9,0
E00075514,292,6,20,4,0
E00075515,302,0,6,4,0
E00075516,305,1,5,0,0
E00075517,213,4,2,1,0
E00075518,242,6,9,10,3
E00075519,338,4,12,1,0
E00075520,313,3,4,2,0
E00075521,265,1,0,0,0
E00075522,282,9,3,3,0
E00075523,311,7,7,4,1
E00075524,311,2,8,10,0
E00075525,282,3,14,1,3
E00075526,315,1,0,3,0
E00075527,257,2,3,5,0
E00075528,280,5,3,2,1
E00075529,349,7,9,4,2
E00075530,308,0,13,0,0
E00075531,168,2,1,9,0
E00075532,309,1,12,0,1
E00075533,243,7,3,2,1
E00075534,286,5,6,2,0
E00075535,266,1,7,0,0
E00075536,324,6,10,5,14
E00075537,303,17,5,7,0
E00075538,293,3,26,3,4
E00075539,312,12,10,9,4
E00075540,392,13,13,17,1
E00075541,320,3,12,3,0
E00075542,213,4,4,0,0
E00075543,240,3,7,6,1
E00075544,246,7,5,3,0
E00075545,258,9,5,3,0
E00075546,277,1,8,1,0
E00075547,390,5,7,0,2
E00075548,280,6,1,1,3
E00075549,308,1,1,0,3
E00075550,350,6,8,0,5
E00075551,366,5,2,1,0
E00075552,308,1,8,1,0
E00075553,322,1,1,0,1
E00075554,321,4,0,0,0
E00075555,323,0,0,2,0
E00075556,313,0,11,0,6
E00075557,264,5,4,0,0
E00075558,329,10,8,3,0
E00075559,295,8,0,1,4
E00075560,367,2,7,2,2
E00075561,341,4,2,0,0
E00075562,296,0,6,5,1
E00075563,323,10,2,3,4
E00075564,323,10,2,1,0
E00075565,271,4,1,1,1
E00075566,382,1,5,0,0
E00075567,299,3,4,2,2
E00075568,298,13,15,3,1
E00075569,314,7,17,0,9
E00075570,405,2,4,0,1
E00075571,278,5,10,3,0
E00075572,298,9,2,5,0
E00075573,305,6,3,0,1
E00075574,253,3,3,3,1
E00075575,260,0,5,6,0
E00075576,285,0,2,2,0
E00075577,311,6,1,0,0
E00075578,332,1,5,1,0
E00075579,290,2,1,7,0
E00075580,347,4,0,0,0
E00075581,336,0,4,4,0
E00075582,310,0,0,0,0
E00075583,304,3,3,2,6
E00075584,270,4,3,2,0
E00075585,321,5,6,6,0
E00075586,261,12,3,11,0
E00075587,244,10,6,0,5
E00075588,328,11,2,2,6
E00075589,223,2,0,0,1
E00075590,302,3,0,1,0
E00075591,117,0,0,0,0
E00075592,430,1,1,0,1
E00075593,341,4,2,0,0
E00075594,401,3,0,0,0
E00075595,365,0,12,1,1
E00075596,234,1,0,0,0
E00075597,266,0,2,0,1
E00075598,190,5,0,1,0
E00075599,251,2,3,0,0
E00075600,282,8,2,0,2
E00075601,165,0,1,0,0
E00075602,385,7,17,5,2
E00075604,483,7,12,6,9
E00075605,367,2,2,0,0
E00075607,229,6,9,3,0
E00075608,441,4,10,0,9
E00075609,199,3,0,1,1
E00075610,285,3,7,4,4
E00075611,310,9,16,2,1
E00075612,378,1,11,5,6
E00075613,286,1,7,0,0
E00075614,299,2,7,7,2
E00075615,405,8,23,16,0
E00075616,248,3,12,5,0
E00075617,111,0,0,0,0
E00075618,302,8,13,2,0
E00075619,264,4,3,3,0
E00075620,309,7,11,0,1
E00075621,348,2,4,1,0
E00075622,200,2,8,2,3
E00075623,295,6,1,1,6
E00075624,285,9,8,0,1
E00075625,197,8,8,7,2
E00075626,256,3,9,0,0
E00075627,269,13,4,2,0
E00075628,304,1,1,0,0
E00075629,296,3,6,0,0
E00075631,423,9,9,2,6
E00075632,377,3,4,1,4
E00075633,402,0,0,0,2
E00075634,482,6,21,6,3
E00075637,276,1,0,0,0
E00075638,198,0,1,0,0
E00075639,358,10,2,2,0
E00075640,251,2,5,1,1
E00075641,557,3,5,3,1
E00075642,235,0,1,0,0
E00075643,368,6,1,0,1
E00075644,378,2,20,1,5
E00075645,312,0,20,0,0
E00075646,327,1,5,0,0
E00075647,257,4,5,3,0
E00075648,308,13,6,2,1
E00075649,336,7,3,6,2
E00075650,294,9,2,3,0
E00075651,247,3,6,7,2
E00075652,288,2,4,3,0
E00075653,169,1,12,5,0
E00075654,329,4,0,1,2
E00075655,333,1,5,4,0
E00075656,243,7,5,0,4
E00075657,261,4,2,3,2
E00075658,254,8,24,6,0
E00075659,271,6,15,8,1
E00075660,321,5,4,7,0
E00075661,297,9,6,11,0
E00075662,217,4,1,2,0
E00075663,282,8,10,4,0
E00075664,312,4,6,3,0
E00075665,270,0,1,5,0
E00075666,327,5,0,9,0
E00075667,295,2,0,3,0
E00075668,270,10,5,21,1
E00075669,284,6,6,12,0
E00075670,271,2,6,6,2
E00075671,291,7,9,5,0
E00075672,138,7,3,2,0
E00075673,319,8,6,10,0
E00075674,236,5,10,3,4
E00075675,351,2,9,1,0
E00075676,331,5,9,0,1
E00075677,236,8,11,0,4
E00075678,216,2,35,7,1
E00075679,339,9,6,2,2
E00075680,260,5,8,0,0
E00075681,323,8,15,7,0
E00075682,284,8,18,4,1
E00075683,260,2,11,6,0
E00075684,330,7,11,2,0
E00075685,291,3,4,1,1
E00075686,293,0,0,0,0
E00075687,192,5,10,1,0
E00075688,342,4,17,0,1
E00075689,316,8,32,5,1
E00075691,195,6,31,17,0
E00075692,471,22,34,12,4
E00075693,305,7,3,1,0
E00075694,229,2,7,4,0
E00075695,289,1,1,0,5
E00075696,307,4,0,7,4
E00075697,301,0,2,0,0
E00075698,355,1,10,5,0
E00075699,376,7,3,0,3
E00075700,283,4,18,0,1
E00075701,262,3,6,4,0
E00075702,253,5,25,4,2
E00075703,162,7,2,6,0
E00075704,265,1,4,7,0
E00075705,319,1,0,0,2
E00075706,329,12,3,3,3
E00075707,277,8,2,3,0
E00075708,285,5,12,3,3
E00075709,252,5,0,0,0
E00075710,475,11,7,12,0
E00075711,270,6,6,1,0
E00075712,249,5,2,0,0
E00075713,295,1,2,0,0
E00075714,267,0,1,0,3
E00075715,297,2,5,0,0
E00075716,182,1,4,1,0
E00075717,307,3,6,0,0
E00075718,240,1,3,0,0
E00075719,294,2,9,1,2
E00075720,250,6,2,3,1
E00075721,278,4,2,0,0
E00075722,327,4,4,1,0
E00075723,328,2,10,0,0
E00075724,276,2,0,0,1
E00075725,353,6,8,0,0
E00075726,406,3,7,1,0
E00075727,363,0,5,0,0
E00075728,313,1,0,0,0
E00075729,399,0,1,1,0
E00075730,319,1,0,0,0
E00075731,448,16,2,0,1
E00075732,287,1,6,2,0
E00075733,347,3,3,2,0
E00075734,289,1,1,0,0
E00075735,310,2,4,0,0
E00075736,267,3,3,1,1
E00075737,299,0,1,1,0
E00075738,296,1,5,0,0
E00075739,204,2,7,1,0
E00075740,324,2,0,0,0
E00075741,268,1,3,0,0
E00075742,203,6,1,1,0
E00075743,255,8,9,0,4
E00075744,301,1,1,0,0
E00075745,275,3,2,0,0
E00075746,104,0,0,1,0
E00075747,302,6,11,2,0
E00075748,346,2,1,3,0
E00075749,284,3,0,0,0
E00075750,350,7,0,0,0
E00075751,354,9,1,1,0
E00075752,301,0,0,0,0
E00075753,369,4,3,1,3
E00075754,306,3,3,0,0
E00075755,192,2,2,0,0
E00075756,163,2,6,2,0
E00075757,261,1,0,1,0
E00075758,133,8,0,0,2
E00075759,263,1,2,0,0
E00075760,404,6,8,0,0
E00075761,339,3,0,0,2
E00075762,305,3,4,0,1
E00075763,302,4,1,0,0
E00075764,280,2,2,0,0
E00075766,383,4,10,4,2
E00075767,329,3,6,0,0
E00075768,329,4,26,11,6
E00075769,313,1,29,1,5
E00075770,331,13,16,2,13
E00075771,166,4,18,5,9
E00075772,291,7,5,3,1
E00075773,359,3,0,3,4
E00075774,324,6,4,0,8
E00075775,305,7,11,2,0
E00075776,337,1,2,2,0
E00075777,290,9,4,1,5
E00075778,363,4,0,1,8
E00075779,261,0,0,0,0
E00075780,235,0,8,1,0
E00075781,237,4,9,1,0
E00075782,268,1,8,0,0
E00075783,371,1,2,0,0
E00075784,346,2,0,1,0
E00075785,314,1,0,1,0
E00075786,271,9,3,2,0
E00075787,222,6,8,0,0
E00075788,329,0,12,0,0
E00075789,321,5,2,1,0
E00075790,306,5,6,0,0
E00075791,291,9,1,2,0
E00075792,305,13,2,2,0
E00075793,335,8,3,0,1
E00075794,320,0,10,7,0
E00075795,376,2,1,5,2
E00075796,345,6,7,1,0
E00075797,272,2,23,3,0
E00075798,426,0,0,5,0
E00075799,289,6,3,1,0
E00075800,316,5,0,1,0
E00075801,381,5,6,5,0
E00075802,254,5,2,3,1
E00075803,320,2,0,2,0
E00075804,308,7,9,2,0
E00075805,294,14,2,4,0
E00075806,338,5,2,2,0
E00075807,332,0,2,6,1
E00075808,331,1,1,1,0
E00075809,285,3,5,3,0
E00075810,274,5,11,1,0
E00075811,310,1,0,0,0
E00075812,344,4,0,1,0
E00075813,318,1,13,2,3
E00075814,274,5,7,9,0
E00075815,445,14,13,12,1
E00075816,314,1,11,6,0
E00075817,290,10,13,6,0
E00075818,471,10,9,3,1
E00075819,277,1,3,0,0
E00075820,320,14,5,5,0
E00075822,302,7,4,3,0
E00075823,333,7,3,6,2
E00075824,287,3,6,4,0
E00075825,344,2,13,4,0
E00075826,339,6,6,7,6
E00075827,289,6,2,1,0
E00075828,316,4,0,1,0
E00075829,282,2,12,2,0
E00075830,266,0,2,0,1
E00075831,289,1,7,0,0
E00075832,179,5,0,0,0
E00075833,286,3,1,0,0
E00075834,386,2,1,0,0
E00075835,305,3,1,1,0
E00075836,292,1,6,0,0
E00075837,358,0,2,1,0
E00075838,333,0,1,0,0
E00075839,313,2,6,3,0
E00075840,282,4,7,3,5
E00075841,305,5,5,0,0
E00075842,341,4,2,2,0
E00075843,257,0,0,0,0
E00075844,310,6,7,1,2
E00075845,383,2,0,0,0
E00075846,281,7,8,3,1
E00075847,269,0,0,0,0
E00075848,279,9,1,0,0
E00075849,355,1,2,0,0
E00075850,338,8,4,0,0
E00075851,527,11,11,2,2
E00075852,280,0,9,0,0
E00075853,282,5,7,1,0
E00075854,181,5,0,1,0
E00075855,244,1,10,3,0
E00075856,249,1,40,0,2
E00075857,313,6,1,0,0
E00075858,109,0,4,0,0
E00075859,296,0,0,0,1
E00075860,273,3,1,0,0
E00075861,254,4,5,5,1
E00075862,450,7,0,0,0
E00075863,279,2,11,0,1
E00075864,324,2,0,0,0
E00075865,324,4,2,0,0
E00075866,322,1,4,2,0
E00075867,247,1,0,3,0
E00075868,303,2,1,1,0
E00075869,292,0,0,0,0
E00075870,302,1,5,4,0
E00075871,362,0,8,0,0
E00075872,351,0,2,2,1
E00075873,331,2,1,0,0
E00075874,223,5,11,9,1
E00075875,242,3,8,0,0
E00075876,274,0,1,0,0
E00075877,321,5,7,2,0
E00075878,354,4,5,1,1
E00075879,307,2,2,1,0
E00075880,274,2,1,0,0
E00075881,272,5,2,3,0
E00075882,273,5,9,1,1
E00075883,313,3,4,0,0
E00075884,299,2,0,0,0
E00075885,316,1,0,0,1
E00075886,311,10,5,5,2
E00075887,351,10,3,0,1
E00075888,285,9,6,0,0
E00075889,277,1,11,0,0
E00075890,249,3,2,0,0
E00075891,309,1,2,0,0
E00075892,316,6,1,2,0
E00075893,361,0,0,3,1
E00173030,365,14,21,1,0
E00173032,240,6,18,2,0
E00173033,105,7,21,5,1
E00173035,174,6,24,3,4
E00173036,831,42,80,36,6
E00173038,175,7,8,6,0
E00173040,206,13,29,4,0
E00173041,205,9,23,4,2
E00173043,174,4,21,2,3
E00173044,329,6,33,1,0
E00173046,297,3,6,7,1
E00173047,407,3,14,1,7
E00173049,419,4,12,2,0
E00173050,285,10,15,3,0
E00173052,195,7,9,5,0
E00173054,380,8,9,0,0
E00173055,297,2,2,4,10
E00173057,143,5,5,5,0
E00173058,233,6,6,6,9
E00173060,310,9,5,1,1
E00173061,287,10,11,10,0
E00173063,322,6,15,9,0
E00173064,284,3,24,3,1
E00173066,279,10,8,1,4
E00173068,271,4,16,6,1
E00173069,510,19,33,59,4
E00173071,236,3,0,0,0
E00173072,356,9,0,1,2
E00173074,305,11,4,2,4
E00173075,157,0,0,4,0
E00173077,238,4,3,1,0
E00173078,286,3,2,0,0
E00173080,292,20,103,4,2
E00173082,162,9,8,0,2
E00173083,207,8,55,4,2
E00173085,209,11,46,1,6
E00173086,266,6,24,5,0
E00173088,251,11,12,7,2
E00173089,868,25,59,26,12
E00173091,159,6,29,10,2
E00173092,258,1,3,1,1
E00173094,289,1,7,1,0
E00173096,313,4,17,5,1
