OA11CD,
E00075218
E00075219
E00075220
E00075221
E00075222
E00075223
E00075224
E00075225
E00075226
E00075227
E00075228
E00075229
E00075230
E00075231
E00075232
E00075233
E00075234
E00075235
E00075236
E00075237
E00075238
E00075239
E00075242
E00075248
E00075249
E00075250
E00075252
E00075253
E00075254
E00075255
E00075256
E00075257
E00075258
E00075259
E00075260
E00075261
E00075262
E00075263
E00075264
E00075265
E00075266
E00075267
E00075268
E00075269
E00075270
E00075271
E00075272
E00075273
E00075427
E00075428
E00075429
E00075430
E00075431
E00075432
E00075754
E00075756
E00075757
E00075758
E00075828
E00075829
E00075830
E00075831
E00075832
E00075833
E00075834
E00075835
E00075836
E00075837
E00075838
E00075839
E00075840
E00075841
E00075842
E00075843
E00075844
E00075845
E00075846
E00075847
E00075848
E00075849
E00075850
E00075851
E00075852
E00075853
E00075854
E00075855
E00075856
E00075857
E00075858
E00075859
E00075860
E00075861
E00075862
E00075863
E00075864
E00075865
E00075866
E00075867
E00075868
E00075869
E00075870
E00075871
E00075872
E00075873
E00075874
E00075875
E00075876
E00075877
E00075878
E00075879
E00075880
E00075881
E00075882
E00075883
E00075884
E00075885
E00075886
E00075887
E00075888
E00075889
E00075890
E00075891
E00075892
E00075893
